,date
6,2021-05-16 17:21:24+00:00
11,2021-05-16 02:03:55+00:00
13,2021-05-16 01:20:45+00:00
20,2021-05-13 22:45:16+00:00
36,2021-05-11 08:13:35+00:00
46,2021-05-09 22:41:43+00:00
122,2021-04-28 06:20:47+00:00
207,2021-04-15 21:10:47+00:00
211,2021-04-15 04:33:18+00:00
212,2021-04-15 04:28:47+00:00
221,2021-04-14 22:32:57+00:00
224,2021-04-14 22:19:48+00:00
294,2021-04-08 20:45:19+00:00
342,2021-04-01 10:25:23+00:00
397,2021-03-25 07:33:56+00:00
447,2021-03-18 21:17:16+00:00
455,2021-03-15 23:11:50+00:00
472,2021-03-13 23:51:05+00:00
473,2021-03-13 23:46:16+00:00
474,2021-03-13 23:40:41+00:00
523,2021-03-06 04:40:30+00:00
558,2021-03-02 21:07:09+00:00
564,2021-03-02 08:36:34+00:00
570,2021-03-01 19:57:08+00:00
627,2021-02-21 21:27:06+00:00
636,2021-02-20 10:06:29+00:00
638,2021-02-20 08:42:28+00:00
668,2021-02-14 23:33:22+00:00
669,2021-02-14 23:25:16+00:00
680,2021-02-11 23:27:37+00:00
683,2021-02-11 09:08:33+00:00
691,2021-02-10 15:08:11+00:00
711,2021-02-08 05:27:36+00:00
719,2021-02-07 22:25:14+00:00
725,2021-02-07 02:36:32+00:00
727,2021-02-07 02:24:19+00:00
736,2021-02-06 08:42:25+00:00
764,2021-02-04 08:27:10+00:00
766,2021-02-04 08:15:26+00:00
769,2021-02-04 07:35:35+00:00
1101,2020-12-20 09:30:04+00:00
1298,2020-11-17 18:45:21+00:00
2464,2020-07-18 00:53:43+00:00
3392,2020-04-25 13:29:52+00:00
