,id,date,timestamp,Label,High Max Return
0,0,2021-05-26 00:27:00+00:00,1621988820000.0,0,0.026826633972618863
1,1,2021-05-26 00:25:53+00:00,1621988753000.0,0,0.024165841728294613
2,2,2021-05-26 00:22:31+00:00,1621988551000.0,0,0.02342090716010592
3,3,2021-05-26 00:14:54+00:00,1621988094000.0,0,0.02048157818392804
4,4,2021-05-26 00:14:18+00:00,1621988058000.0,0,0.02048157818392804
5,5,2021-05-25 20:16:51+00:00,1621973811000.0,0,0.0028778233190895897
6,6,2021-05-25 05:37:12+00:00,1621921032000.0,0,0.034906362751274456
7,7,2021-05-24 23:00:07+00:00,1621897207000.0,1,0.07296137339055808
8,8,2021-05-24 20:29:33+00:00,1621888173000.0,0,0.002673796791443861
9,9,2021-05-24 19:49:56+00:00,1621885796000.0,1,0.0714285714285714
10,10,2021-05-24 19:42:36+00:00,1621885356000.0,1,0.11957008508732647
11,11,2021-05-24 05:25:42+00:00,1621833942000.0,0,0.03571774271609729
12,12,2021-05-23 01:41:28+00:00,1621734088000.0,0,0.001989619377162688
13,13,2021-05-22 22:22:56+00:00,1621722176000.0,1,0.07330306068290371
14,14,2021-05-22 22:07:12+00:00,1621721232000.0,0,0.04531617942679911
15,15,2021-05-22 10:27:01+00:00,1621679221000.0,0,0.04451626051765811
16,16,2021-05-22 10:25:24+00:00,1621679124000.0,0,0.045856047576013914
17,17,2021-05-22 09:22:41+00:00,1621675361000.0,1,0.05495927309083437
18,18,2021-05-22 07:04:53+00:00,1621667093000.0,1,0.0557432432432432
19,19,2021-05-22 00:43:02+00:00,1621644182000.0,0,0.02055360757148139
20,20,2021-05-21 19:26:00+00:00,1621625160000.0,0,0.012549556487265079
21,21,2021-05-21 01:40:10+00:00,1621561210000.0,0,0.0020307300841651
22,22,2021-05-21 01:35:13+00:00,1621560913000.0,0,0.002592130682512961
23,23,2021-05-21 01:31:56+00:00,1621560716000.0,0,0.00920592723871394
24,24,2021-05-20 20:22:14+00:00,1621542134000.0,0,0.025188604327972985
25,25,2021-05-20 20:20:13+00:00,1621542013000.0,0,0.027841361464968184
26,26,2021-05-20 20:13:36+00:00,1621541616000.0,0,0.022428267134444235
27,27,2021-05-20 20:00:53+00:00,1621540853000.0,0,0.025459224868792818
28,28,2021-05-20 18:00:11+00:00,1621533611000.0,0,0.0004636521144978367
29,29,2021-05-20 17:56:35+00:00,1621533395000.0,0,0.021086560700752877
30,30,2021-05-20 17:53:25+00:00,1621533205000.0,0,0.014447051921384624
31,31,2021-05-20 17:50:50+00:00,1621533050000.0,0,0.04788167460516424
32,32,2021-05-20 17:46:06+00:00,1621532766000.0,0,0.049539257287769534
33,33,2021-05-20 17:39:12+00:00,1621532352000.0,1,0.06331561140647657
34,34,2021-05-20 17:39:00+00:00,1621532340000.0,1,0.06779747611505638
35,35,2021-05-20 13:57:18+00:00,1621519038000.0,0,0.004501319758672739
36,36,2021-05-20 13:31:24+00:00,1621517484000.0,0,0.0027589431844750045
37,37,2021-05-20 13:14:02+00:00,1621516442000.0,0,0.011674961626122249
38,38,2021-05-20 13:13:50+00:00,1621516430000.0,0,0.025967593575320302
39,39,2021-05-20 13:02:42+00:00,1621515762000.0,0,0.0367016205910391
40,40,2021-05-20 12:56:59+00:00,1621515419000.0,0,0.04049561078288333
41,41,2021-05-20 12:13:53+00:00,1621512833000.0,1,0.10054141577695686
42,42,2021-05-20 10:41:00+00:00,1621507260000.0,1,0.16768326189691174
43,43,2021-05-20 07:54:54+00:00,1621497294000.0,0,0.028723807461151107
44,44,2021-05-20 05:41:01+00:00,1621489261000.0,1,0.06090911659180143
45,45,2021-05-20 05:16:29+00:00,1621487789000.0,1,0.05812905043674266
46,46,2021-05-20 01:45:13+00:00,1621475113000.0,1,0.11183180496533196
47,47,2021-05-20 01:25:05+00:00,1621473905000.0,1,0.065470203671109
48,48,2021-05-19 17:42:23+00:00,1621446143000.0,0,0.009895547003848204
49,49,2021-05-19 15:41:10+00:00,1621438870000.0,1,0.05505245447347584
50,50,2021-05-19 14:42:44+00:00,1621435364000.0,1,0.2967096460284637
51,51,2021-05-19 01:08:00+00:00,1621386480000.0,0,0.0034277389776768974
52,52,2021-05-19 01:07:17+00:00,1621386437000.0,0,0.0034277389776768974
53,53,2021-05-19 01:00:28+00:00,1621386028000.0,0,0.0012056602576304698
54,54,2021-05-18 13:43:19+00:00,1621345399000.0,0,0.0022693513781151253
55,55,2021-05-18 11:46:18+00:00,1621338378000.0,0,0.026838550279941975
56,56,2021-05-18 10:00:12+00:00,1621332012000.0,0,0.014172462034427458
57,57,2021-05-18 09:52:04+00:00,1621331524000.0,0,0.016542698044953896
58,58,2021-05-18 09:45:05+00:00,1621331105000.0,0,0.012694106452331377
59,59,2021-05-18 09:25:14+00:00,1621329914000.0,0,0.017286963595688265
60,60,2021-05-17 08:39:41+00:00,1621240781000.0,0,0.0017656752726986635
61,61,2021-05-17 05:56:52+00:00,1621231012000.0,0,0.04621565905170599
62,62,2021-05-16 19:37:04+00:00,1621193824000.0,0,0.004847158158080012
63,63,2021-05-16 18:48:45+00:00,1621190925000.0,0,0.0013308644832772387
64,64,2021-05-16 18:24:49+00:00,1621189489000.0,0,0.008027234569334185
65,65,2021-05-16 18:17:17+00:00,1621189037000.0,0,0.003155780816677778
66,66,2021-05-16 18:07:06+00:00,1621188426000.0,0,0.0057719227597843314
67,67,2021-05-16 17:34:39+00:00,1621186479000.0,0,0.023962090399815894
68,68,2021-05-16 17:21:24+00:00,1621185684000.0,0,0.045279175887663836
69,69,2021-05-16 17:06:47+00:00,1621184807000.0,0,0.042808018443984075
70,70,2021-05-16 14:35:30+00:00,1621175730000.0,0,0.004686108206498618
71,71,2021-05-16 05:56:47+00:00,1621144607000.0,0,0.02060864318576061
72,72,2021-05-16 05:46:06+00:00,1621143966000.0,0,0.01964736465358108
73,73,2021-05-16 02:03:55+00:00,1621130635000.0,0,0.013935983902820803
74,74,2021-05-16 02:01:21+00:00,1621130481000.0,0,0.024761330897998368
75,75,2021-05-16 01:20:45+00:00,1621128045000.0,0,0.04226796293483215
76,76,2021-05-15 04:11:46+00:00,1621051906000.0,0,0.013333081528205337
77,77,2021-05-14 16:47:12+00:00,1621010832000.0,1,0.05675325386539121
78,78,2021-05-14 05:58:35+00:00,1620971915000.0,1,0.0847018972768272
79,79,2021-05-14 04:42:32+00:00,1620967352000.0,1,0.054215796646323255
80,80,2021-05-13 23:30:52+00:00,1620948652000.0,0,0.03513044914134733
81,81,2021-05-13 23:11:48+00:00,1620947508000.0,0,0.011390298193193926
82,82,2021-05-13 22:45:16+00:00,1620945916000.0,1,0.16058475616560663
83,83,2021-05-13 22:19:53+00:00,1620944393000.0,1,0.22992502187847408
84,84,2021-05-13 21:11:46+00:00,1620940306000.0,1,0.05396625290923196
85,85,2021-05-13 20:59:45+00:00,1620939585000.0,1,0.09575892293313792
86,86,2021-05-13 20:21:45+00:00,1620937305000.0,1,0.09549770918119238
87,87,2021-05-13 09:54:35+00:00,1620899675000.0,1,0.0760405412357874
88,88,2021-05-12 22:06:14+00:00,1620857174000.0,0,0.0005112801175943815
89,89,2021-05-12 21:34:59+00:00,1620855299000.0,0,0.0004468750664992083
90,90,2021-05-12 20:18:12+00:00,1620850692000.0,0,0.026737967914438387
91,91,2021-05-12 10:45:48+00:00,1620816348000.0,0,0.01692298315827978
92,92,2021-05-12 10:44:27+00:00,1620816267000.0,0,0.020655343270191473
93,93,2021-05-12 10:41:43+00:00,1620816103000.0,0,0.013566597821244919
94,94,2021-05-12 10:40:27+00:00,1620816027000.0,0,0.015581886057458139
95,95,2021-05-12 10:38:34+00:00,1620815914000.0,0,0.01358712159562625
96,96,2021-05-12 07:57:30+00:00,1620806250000.0,0,0.01845709603152934
97,97,2021-05-11 18:27:02+00:00,1620757622000.0,0,0.02260914760914745
98,98,2021-05-11 08:13:35+00:00,1620720815000.0,1,0.13146440580068908
99,99,2021-05-11 08:09:05+00:00,1620720545000.0,1,0.1700834097745163
100,100,2021-05-11 07:04:25+00:00,1620716665000.0,1,0.15646545362541908
101,101,2021-05-10 23:32:58+00:00,1620689578000.0,1,0.08104436040850516
102,102,2021-05-10 22:12:57+00:00,1620684777000.0,0,0.0014862884655642006
103,103,2021-05-10 10:06:35+00:00,1620641195000.0,0,0.030379796168910955
104,104,2021-05-10 04:43:27+00:00,1620621807000.0,0,0.0010837420326594849
105,105,2021-05-10 04:29:56+00:00,1620620996000.0,0,0.02105676904935705
106,106,2021-05-10 01:09:43+00:00,1620608983000.0,0,0.017082691687855922
107,107,2021-05-10 00:39:50+00:00,1620607190000.0,0,0.01602747567258156
108,108,2021-05-09 22:41:43+00:00,1620600103000.0,0,0.037133003028764655
109,109,2021-05-09 13:21:16+00:00,1620566476000.0,1,0.0822747447362091
110,110,2021-05-08 22:52:29+00:00,1620514349000.0,0,0.015844718683243997
111,111,2021-05-08 20:39:52+00:00,1620506392000.0,0,0.01423223199429513
112,112,2021-05-08 09:03:01+00:00,1620464581000.0,0,0.01769223154053945
113,113,2021-05-08 07:19:25+00:00,1620458365000.0,0,0.022355078164108866
114,114,2021-05-08 07:05:32+00:00,1620457532000.0,0,0.024186153140761224
115,115,2021-05-08 06:42:36+00:00,1620456156000.0,0,0.0018673615853064263
116,116,2021-05-08 01:22:52+00:00,1620436972000.0,0,0.04625123874040438
117,117,2021-05-07 23:23:12+00:00,1620429792000.0,0,0.022607330299637907
118,118,2021-05-07 21:11:45+00:00,1620421905000.0,1,0.10288585958893814
119,119,2021-05-07 21:05:35+00:00,1620421535000.0,1,0.11663090294394607
120,120,2021-05-07 20:57:52+00:00,1620421072000.0,1,0.11604511579824406
121,121,2021-05-07 17:57:05+00:00,1620410225000.0,1,0.07787173489916421
122,122,2021-05-07 14:35:22+00:00,1620398122000.0,0,0.01900647948164158
123,123,2021-05-07 07:29:02+00:00,1620372542000.0,0,0.032392744025338205
124,124,2021-05-07 06:14:14+00:00,1620368054000.0,1,0.10699215880554203
125,125,2021-05-07 04:24:36+00:00,1620361476000.0,0,0.04022191400832176
126,126,2021-05-07 04:24:20+00:00,1620361460000.0,0,0.04022191400832176
127,127,2021-05-07 04:02:37+00:00,1620360157000.0,0,0.033787625562122114
128,128,2021-05-07 00:41:25+00:00,1620348085000.0,0,0.0021413655187061398
129,129,2021-05-06 19:26:59+00:00,1620329219000.0,1,0.07264248161668396
130,130,2021-05-06 19:26:09+00:00,1620329169000.0,1,0.07264248161668396
131,131,2021-05-06 19:23:04+00:00,1620328984000.0,1,0.08576581036403175
132,132,2021-05-06 19:19:34+00:00,1620328774000.0,1,0.09097369028796787
133,133,2021-05-06 18:19:36+00:00,1620325176000.0,0,0.0028408118561111806
134,134,2021-05-06 18:14:53+00:00,1620324893000.0,0,0.003424657534246478
135,135,2021-05-06 16:26:24+00:00,1620318384000.0,0,0.019487573746928888
136,136,2021-05-06 16:01:34+00:00,1620316894000.0,0,0.021639003801899426
137,137,2021-05-06 15:59:44+00:00,1620316784000.0,0,0.015972684876748744
138,138,2021-05-06 07:16:50+00:00,1620285410000.0,0,0.03816768424915762
139,139,2021-05-06 05:00:28+00:00,1620277228000.0,0,0.02104473229142889
140,140,2021-05-05 22:37:20+00:00,1620254240000.0,1,0.06871572139618931
141,141,2021-05-05 22:22:39+00:00,1620253359000.0,1,0.08591170454362418
142,142,2021-05-05 06:01:50+00:00,1620194510000.0,0,0.021826182618261747
143,143,2021-05-05 04:27:36+00:00,1620188856000.0,0,0.03494459276051831
144,144,2021-05-05 04:22:00+00:00,1620188520000.0,0,0.024659637931543577
145,145,2021-05-04 23:06:40+00:00,1620169600000.0,0,0.042844791110947744
146,146,2021-05-04 21:22:10+00:00,1620163330000.0,0,0.006441223832528431
147,147,2021-05-03 17:27:11+00:00,1620062831000.0,0,0.028704094554664383
148,148,2021-05-03 07:56:16+00:00,1620028576000.0,0,0.0030349794238684336
149,149,2021-05-03 06:20:26+00:00,1620022826000.0,0,0.02779591943363191
150,150,2021-05-02 22:17:02+00:00,1619993822000.0,0,0.004010312231452318
151,151,2021-05-02 21:09:21+00:00,1619989761000.0,0,0.019248159152564392
152,152,2021-05-02 20:24:44+00:00,1619987084000.0,0,0.015496293245469639
153,153,2021-05-02 03:13:36+00:00,1619925216000.0,0,0.010167066877841968
154,154,2021-05-02 01:56:34+00:00,1619920594000.0,0,0.019096461613792748
155,155,2021-05-01 21:56:54+00:00,1619906214000.0,0,0.027689811301002454
156,156,2021-05-01 21:53:38+00:00,1619906018000.0,0,0.03798572561459168
157,157,2021-05-01 21:51:22+00:00,1619905882000.0,0,0.03336929919208398
158,158,2021-05-01 21:49:50+00:00,1619905790000.0,1,0.05273458445040213
159,159,2021-05-01 21:36:22+00:00,1619904982000.0,1,0.06437710072644465
160,160,2021-04-29 22:45:59+00:00,1619736359000.0,0,0.0060139132696184205
161,161,2021-04-29 22:30:29+00:00,1619735429000.0,0,0.003860127157129911
162,162,2021-04-29 22:19:17+00:00,1619734757000.0,0,0.002461857406627743
163,163,2021-04-29 22:16:56+00:00,1619734616000.0,0,0.002786688700949558
164,164,2021-04-29 22:13:50+00:00,1619734430000.0,0,0.008406921046629101
165,165,2021-04-29 22:10:47+00:00,1619734247000.0,0,0.006832156684126733
166,166,2021-04-29 21:38:42+00:00,1619732322000.0,0,0.015736673005048774
167,167,2021-04-29 01:07:51+00:00,1619658471000.0,0,0.03344245458630213
168,168,2021-04-29 01:05:26+00:00,1619658326000.0,0,0.029773897470337873
169,169,2021-04-29 01:04:40+00:00,1619658280000.0,0,0.023912490460442637
170,170,2021-04-29 01:02:04+00:00,1619658124000.0,0,0.02322920969843323
171,171,2021-04-29 00:05:15+00:00,1619654715000.0,0,0.0071704877818661306
172,172,2021-04-28 23:57:34+00:00,1619654254000.0,0,0.004084411164057222
173,173,2021-04-28 22:22:53+00:00,1619648573000.0,1,0.05942842313556307
174,174,2021-04-28 21:55:33+00:00,1619646933000.0,0,0.04671996917445331
175,175,2021-04-28 21:50:07+00:00,1619646607000.0,1,0.05311106803644128
176,176,2021-04-28 21:48:58+00:00,1619646538000.0,1,0.05171801903532813
177,177,2021-04-28 21:46:45+00:00,1619646405000.0,1,0.05512218805631974
178,178,2021-04-28 19:49:09+00:00,1619639349000.0,0,0.022030433795139803
179,179,2021-04-28 08:54:22+00:00,1619600062000.0,1,0.14360828130134728
180,180,2021-04-28 08:51:43+00:00,1619599903000.0,1,0.13948919449901753
181,181,2021-04-28 08:43:37+00:00,1619599417000.0,1,0.16641528406234274
182,182,2021-04-28 07:33:33+00:00,1619595213000.0,1,0.11378261791952471
183,183,2021-04-28 06:21:41+00:00,1619590901000.0,1,0.18805847384753438
184,184,2021-04-28 06:20:47+00:00,1619590847000.0,1,0.2159721425018175
185,185,2021-04-28 04:53:39+00:00,1619585619000.0,0,0.028691130812104948
186,186,2021-04-28 04:44:21+00:00,1619585061000.0,0,0.0026066880166826234
187,187,2021-04-28 03:25:43+00:00,1619580343000.0,0,0.0006304001186636654
188,188,2021-04-27 23:01:26+00:00,1619564486000.0,0,0.013089295618413654
189,189,2021-04-27 22:45:43+00:00,1619563543000.0,0,0.00877548762951208
190,190,2021-04-27 22:32:29+00:00,1619562749000.0,0,0.0016841796946509557
191,191,2021-04-27 21:34:19+00:00,1619559259000.0,0,0.01169891840188364
192,192,2021-04-27 20:25:41+00:00,1619555141000.0,0,0.019704616298055422
193,193,2021-04-27 20:24:48+00:00,1619555088000.0,0,0.019137336349812628
194,194,2021-04-27 00:37:20+00:00,1619483840000.0,0,0.008648770077501977
195,195,2021-04-27 00:15:00+00:00,1619482500000.0,0,0.00271385553366299
196,196,2021-04-27 00:13:39+00:00,1619482419000.0,0,0.0031613791051439133
197,197,2021-04-26 23:31:48+00:00,1619479908000.0,0,0.01783995854615461
198,198,2021-04-26 23:17:54+00:00,1619479074000.0,0,0.01987835632695467
199,199,2021-04-26 23:15:01+00:00,1619478901000.0,0,0.021583268323489113
200,200,2021-04-26 22:56:18+00:00,1619477778000.0,0,0.029731146558825694
201,201,2021-04-26 22:54:23+00:00,1619477663000.0,0,0.030580122920101926
202,202,2021-04-26 19:11:05+00:00,1619464265000.0,0,0.02039589828343913
203,203,2021-04-26 18:10:31+00:00,1619460631000.0,0,0.0074290859972987455
204,204,2021-04-26 06:11:54+00:00,1619417514000.0,0,0.010805354071636852
205,205,2021-04-26 06:08:53+00:00,1619417333000.0,0,0.018114031784288498
206,206,2021-04-25 19:41:31+00:00,1619379691000.0,0,0.018809400723744263
207,207,2021-04-25 03:20:46+00:00,1619320846000.0,0,0.015028081051191133
208,208,2021-04-25 03:09:25+00:00,1619320165000.0,0,0.005034172661870562
209,209,2021-04-25 02:40:29+00:00,1619318429000.0,0,0.004512344462461959
210,210,2021-04-24 09:23:07+00:00,1619256187000.0,0,0.020894180433379317
211,211,2021-04-24 09:03:34+00:00,1619255014000.0,0,0.00522438790397195
212,212,2021-04-24 08:55:19+00:00,1619254519000.0,0,0.009182091414728921
213,213,2021-04-24 08:54:25+00:00,1619254465000.0,0,0.026546448564592096
214,214,2021-04-23 14:38:12+00:00,1619188692000.0,0,0.018318311587641967
215,215,2021-04-23 14:23:41+00:00,1619187821000.0,0,0.019557531288540986
216,216,2021-04-23 14:18:06+00:00,1619187486000.0,0,0.044389055416401035
217,217,2021-04-23 14:06:58+00:00,1619186818000.0,1,0.06752492833132728
218,218,2021-04-23 09:47:18+00:00,1619171238000.0,1,0.051439192073093
219,219,2021-04-23 08:13:41+00:00,1619165621000.0,1,0.15407839489658293
220,220,2021-04-22 22:50:22+00:00,1619131822000.0,0,0.02682544747980975
221,221,2021-04-22 22:25:32+00:00,1619130332000.0,0,0.0019523789312847484
222,222,2021-04-22 20:57:44+00:00,1619125064000.0,0,0.03688338573677652
223,223,2021-04-22 20:52:30+00:00,1619124750000.0,0,0.04047670762989264
224,224,2021-04-22 20:50:53+00:00,1619124653000.0,0,0.033854193893355644
225,225,2021-04-22 20:20:50+00:00,1619122850000.0,0,0.011686444647922123
226,226,2021-04-22 12:31:35+00:00,1619094695000.0,1,0.15470467358100848
227,227,2021-04-22 06:05:53+00:00,1619071553000.0,0,0.03833463510906876
228,228,2021-04-22 06:02:03+00:00,1619071323000.0,0,0.034381625441696206
229,229,2021-04-22 05:49:17+00:00,1619070557000.0,0,0.04332323738499477
230,230,2021-04-22 05:47:06+00:00,1619070426000.0,0,0.03956955506224169
231,231,2021-04-22 05:39:40+00:00,1619069980000.0,0,0.048879888150054285
232,232,2021-04-22 05:38:03+00:00,1619069883000.0,0,0.047528665419924065
233,233,2021-04-22 05:14:54+00:00,1619068494000.0,0,0.035589935677599716
234,234,2021-04-22 01:51:09+00:00,1619056269000.0,0,0.0016232746953566135
235,235,2021-04-22 01:27:43+00:00,1619054863000.0,0,0.0021756971256619018
236,236,2021-04-21 23:23:05+00:00,1619047385000.0,0,0.006822450548990888
237,237,2021-04-21 15:30:27+00:00,1619019027000.0,0,0.032700941384783855
238,238,2021-04-21 04:00:41+00:00,1618977641000.0,1,0.08844381358056252
239,239,2021-04-21 03:51:12+00:00,1618977072000.0,1,0.08047956816305168
240,240,2021-04-20 19:32:21+00:00,1618947141000.0,1,0.05032641294990925
241,241,2021-04-20 19:28:16+00:00,1618946896000.0,0,0.03314857359130996
242,242,2021-04-20 19:27:43+00:00,1618946863000.0,0,0.02687200418829616
243,243,2021-04-20 18:49:56+00:00,1618944596000.0,0,0.014046162974382437
244,244,2021-04-20 18:47:01+00:00,1618944421000.0,0,0.007013637563968
245,245,2021-04-20 18:37:14+00:00,1618943834000.0,0,0.003339391440720041
246,246,2021-04-20 03:20:24+00:00,1618888824000.0,1,0.10271991274257108
247,247,2021-04-20 03:19:31+00:00,1618888771000.0,1,0.10271991274257108
248,248,2021-04-19 21:14:52+00:00,1618866892000.0,1,0.06636930196988877
249,249,2021-04-19 02:10:00+00:00,1618798200000.0,0,0.03071111128757731
250,250,2021-04-18 21:00:43+00:00,1618779643000.0,0,0.033264341105581074
251,251,2021-04-17 22:45:36+00:00,1618699536000.0,0,0.008898573130974974
252,252,2021-04-17 22:39:39+00:00,1618699179000.0,0,0.009121734045087981
253,253,2021-04-17 22:32:03+00:00,1618698723000.0,0,0.013782394142980214
254,254,2021-04-17 05:46:56+00:00,1618638416000.0,0,0.030095164499787108
255,255,2021-04-17 04:51:09+00:00,1618635069000.0,1,0.1833194980573838
256,256,2021-04-17 04:46:34+00:00,1618634794000.0,1,0.20300927301420546
257,257,2021-04-17 04:16:45+00:00,1618633005000.0,1,0.05342070908785401
258,258,2021-04-17 01:37:48+00:00,1618623468000.0,0,0.042466189918198394
259,259,2021-04-16 22:16:48+00:00,1618611408000.0,1,0.11180228152946192
260,260,2021-04-16 21:55:05+00:00,1618610105000.0,1,0.1354011258637564
261,261,2021-04-16 17:01:25+00:00,1618592485000.0,1,0.12999225441672868
262,262,2021-04-16 02:13:57+00:00,1618539237000.0,1,0.2957548421562013
263,263,2021-04-16 02:00:14+00:00,1618538414000.0,1,0.2587367371980185
264,264,2021-04-16 01:59:34+00:00,1618538374000.0,1,0.2769587419609856
265,265,2021-04-16 01:52:42+00:00,1618537962000.0,1,0.26394365732514435
266,266,2021-04-16 00:50:37+00:00,1618534237000.0,1,0.18156940775015018
267,267,2021-04-15 23:44:25+00:00,1618530265000.0,1,0.38257818756166295
268,268,2021-04-15 23:33:34+00:00,1618529614000.0,1,0.3689029736341207
269,269,2021-04-15 21:10:47+00:00,1618521047000.0,1,0.05279946787293932
270,270,2021-04-15 15:54:44+00:00,1618502084000.0,1,0.056471557194466726
271,271,2021-04-15 06:30:53+00:00,1618468253000.0,0,0.04685993802534094
272,272,2021-04-15 04:38:46+00:00,1618461526000.0,1,0.06422494354596231
273,273,2021-04-15 04:33:18+00:00,1618461198000.0,1,0.1034870649765891
274,274,2021-04-15 04:28:47+00:00,1618460927000.0,1,0.12505220117553928
275,275,2021-04-15 04:19:57+00:00,1618460397000.0,1,0.12017960109504555
276,276,2021-04-15 03:47:00+00:00,1618458420000.0,1,0.11696149344868045
277,277,2021-04-15 03:42:35+00:00,1618458155000.0,1,0.13054064739893456
278,278,2021-04-14 23:48:26+00:00,1618444106000.0,1,0.11765193599204049
279,279,2021-04-14 23:30:25+00:00,1618443025000.0,1,0.09152625817025228
280,280,2021-04-14 23:21:29+00:00,1618442489000.0,1,0.09811243596041241
281,281,2021-04-14 22:54:55+00:00,1618440895000.0,1,0.06035389573946093
282,282,2021-04-14 22:35:20+00:00,1618439720000.0,0,0.010568149054383635
283,283,2021-04-14 22:32:57+00:00,1618439577000.0,0,0.026011610998327495
284,284,2021-04-14 22:27:30+00:00,1618439250000.0,0,0.00184719111501086
285,285,2021-04-14 22:22:29+00:00,1618438949000.0,0,0.016019761972164037
286,286,2021-04-14 22:19:48+00:00,1618438788000.0,0,0.032884357163526
287,287,2021-04-14 22:19:17+00:00,1618438757000.0,0,0.032884357163526
288,288,2021-04-14 22:17:32+00:00,1618438652000.0,0,0.03387478908165087
289,289,2021-04-14 22:02:31+00:00,1618437751000.0,1,0.07762255077370828
290,290,2021-04-14 22:00:26+00:00,1618437626000.0,1,0.07586578451147474
291,291,2021-04-14 21:57:08+00:00,1618437428000.0,1,0.06653900764651488
292,292,2021-04-14 16:00:26+00:00,1618416026000.0,0,0.017280706404440904
293,293,2021-04-14 15:56:26+00:00,1618415786000.0,0,0.02818458706116611
294,294,2021-04-14 09:42:29+00:00,1618393349000.0,1,0.05672154170242649
295,295,2021-04-14 09:01:41+00:00,1618390901000.0,0,0.033087884782686316
296,296,2021-04-14 08:53:14+00:00,1618390394000.0,0,0.022225874493861264
297,297,2021-04-14 07:50:45+00:00,1618386645000.0,1,0.1280658115652824
298,298,2021-04-14 07:48:25+00:00,1618386505000.0,1,0.11290434926376891
299,299,2021-04-14 00:41:45+00:00,1618360905000.0,1,0.21399647640030972
300,300,2021-04-13 19:25:11+00:00,1618341911000.0,0,0.037967262165495175
301,301,2021-04-11 15:50:33+00:00,1618156233000.0,1,0.051636172936965874
302,302,2021-04-11 15:48:58+00:00,1618156138000.0,0,0.04008724806006958
303,303,2021-04-11 14:49:38+00:00,1618152578000.0,0,0.026356559042547856
304,304,2021-04-11 12:23:49+00:00,1618143829000.0,0,0.030370618701295093
305,305,2021-04-11 06:18:47+00:00,1618121927000.0,0,0.028283576876231953
306,306,2021-04-10 23:56:43+00:00,1618099003000.0,1,0.07777552918955122
307,307,2021-04-10 23:54:51+00:00,1618098891000.0,1,0.0772094102594656
308,308,2021-04-10 23:52:21+00:00,1618098741000.0,1,0.07522173061784088
309,309,2021-04-10 22:09:02+00:00,1618092542000.0,0,0.004191539509665443
310,310,2021-04-10 20:22:20+00:00,1618086140000.0,0,0.008525485626945883
311,311,2021-04-10 19:49:26+00:00,1618084166000.0,0,0.004655499289046405
312,312,2021-04-10 19:46:36+00:00,1618083996000.0,0,0.005293415602549256
313,313,2021-04-10 08:32:35+00:00,1618043555000.0,0,0.0032928049009188776
314,314,2021-04-10 08:23:03+00:00,1618042983000.0,0,0.015248821241417243
315,315,2021-04-10 08:16:58+00:00,1618042618000.0,0,0.018671167532278155
316,316,2021-04-10 07:46:16+00:00,1618040776000.0,0,0.028478306315209423
317,317,2021-04-10 07:45:17+00:00,1618040717000.0,0,0.02460658805264626
318,318,2021-04-10 07:45:10+00:00,1618040710000.0,0,0.02460658805264626
319,319,2021-04-10 07:29:45+00:00,1618039785000.0,0,0.013414188828583695
320,320,2021-04-10 07:29:01+00:00,1618039741000.0,0,0.013414188828583695
321,321,2021-04-10 07:25:11+00:00,1618039511000.0,0,0.017343449170425185
322,322,2021-04-10 07:15:47+00:00,1618038947000.0,1,0.05709949485692967
323,323,2021-04-10 07:12:20+00:00,1618038740000.0,1,0.05753474891676036
324,324,2021-04-10 06:51:12+00:00,1618037472000.0,1,0.059547347981275145
325,325,2021-04-10 06:44:23+00:00,1618037063000.0,1,0.05906096480631384
326,326,2021-04-10 06:41:45+00:00,1618036905000.0,1,0.05897909157381731
327,327,2021-04-10 01:07:04+00:00,1618016824000.0,0,0.004702015846932417
328,328,2021-04-10 01:04:26+00:00,1618016666000.0,0,0.0061556810516472105
329,329,2021-04-10 00:33:12+00:00,1618014792000.0,0,0.006875829644209297
330,330,2021-04-09 22:24:01+00:00,1618007041000.0,0,0.0028308380379320486
331,331,2021-04-09 22:21:50+00:00,1618006910000.0,0,0.003623815306698308
332,332,2021-04-09 19:41:08+00:00,1617997268000.0,0,0.0064925361012295735
333,333,2021-04-09 19:41:01+00:00,1617997261000.0,0,0.0064925361012295735
334,334,2021-04-09 19:39:26+00:00,1617997166000.0,0,0.006325804083594733
335,335,2021-04-09 19:14:21+00:00,1617995661000.0,0,0.0029572677241826995
336,336,2021-04-09 19:13:12+00:00,1617995592000.0,0,0.0035582981066679675
337,337,2021-04-09 11:24:30+00:00,1617967470000.0,0,0.006819094750711185
338,338,2021-04-09 11:21:13+00:00,1617967273000.0,0,0.00706990348995129
339,339,2021-04-09 07:35:55+00:00,1617953755000.0,0,0.00031914512696507025
340,340,2021-04-09 07:35:17+00:00,1617953717000.0,0,0.00031914512696507025
341,341,2021-04-09 07:32:42+00:00,1617953562000.0,1,0.05200504124656291
342,342,2021-04-09 04:11:42+00:00,1617941502000.0,0,0.00122551016749739
343,343,2021-04-09 03:06:00+00:00,1617937560000.0,0,0.00443829727825551
344,344,2021-04-09 03:01:15+00:00,1617937275000.0,0,0.006878662476871744
345,345,2021-04-09 02:57:27+00:00,1617937047000.0,0,0.006462653087450088
346,346,2021-04-09 01:48:09+00:00,1617932889000.0,0,0.009612544770700726
347,347,2021-04-09 01:41:40+00:00,1617932500000.0,0,0.008312759213539023
348,348,2021-04-09 01:41:23+00:00,1617932483000.0,0,0.008312759213539023
349,349,2021-04-09 01:38:20+00:00,1617932300000.0,0,0.005572206440551453
350,350,2021-04-09 00:29:40+00:00,1617928180000.0,0,0.012318089089483841
351,351,2021-04-09 00:25:25+00:00,1617927925000.0,0,0.010000307651951701
352,352,2021-04-09 00:24:31+00:00,1617927871000.0,0,0.01203394230457211
353,353,2021-04-09 00:19:52+00:00,1617927592000.0,0,0.010101713469545137
354,354,2021-04-09 00:19:00+00:00,1617927540000.0,0,0.009985589144901885
355,355,2021-04-09 00:16:21+00:00,1617927381000.0,0,0.012582669649321643
356,356,2021-04-08 20:45:19+00:00,1617914719000.0,0,0.004633630566576397
357,357,2021-04-08 20:43:36+00:00,1617914616000.0,0,0.009325339402231014
358,358,2021-04-08 20:40:12+00:00,1617914412000.0,0,0.01105274514939314
359,359,2021-04-08 20:37:57+00:00,1617914277000.0,0,0.012904737622920992
360,360,2021-04-08 09:41:16+00:00,1617874876000.0,0,0.0020590163934426364
361,361,2021-04-07 20:11:07+00:00,1617826267000.0,0,0.011268834524648552
362,362,2021-04-07 20:09:27+00:00,1617826167000.0,0,0.008854949565287207
363,363,2021-04-07 20:04:42+00:00,1617825882000.0,0,0.0076362583338496215
364,364,2021-04-07 20:02:22+00:00,1617825742000.0,0,0.00990486032704152
365,365,2021-04-07 19:36:55+00:00,1617824215000.0,0,0.025372645819411677
366,366,2021-04-07 19:35:27+00:00,1617824127000.0,0,0.024251691760691196
367,367,2021-04-07 19:20:32+00:00,1617823232000.0,0,0.032357499480817786
368,368,2021-04-07 19:19:17+00:00,1617823157000.0,0,0.03140512873273482
369,369,2021-04-07 19:13:21+00:00,1617822801000.0,0,0.023544060024867752
370,370,2021-04-07 18:59:11+00:00,1617821951000.0,0,0.012515936993635401
371,371,2021-04-07 10:40:11+00:00,1617792011000.0,0,0.005659418581093423
372,372,2021-04-07 10:36:44+00:00,1617791804000.0,0,0.002627470393359088
373,373,2021-04-06 19:28:24+00:00,1617737304000.0,0,0.013827339011881046
374,374,2021-04-06 02:23:37+00:00,1617675817000.0,0,0.006453798622605422
375,375,2021-04-06 00:30:28+00:00,1617669028000.0,0,0.03281170612742601
376,376,2021-04-05 12:57:36+00:00,1617627456000.0,0,0.004990523222452081
377,377,2021-04-05 11:29:58+00:00,1617622198000.0,0,0.009534152536081253
378,378,2021-04-05 11:21:24+00:00,1617621684000.0,0,0.009326773692387436
379,379,2021-04-05 11:20:03+00:00,1617621603000.0,0,0.009223987199646677
380,380,2021-04-05 11:05:33+00:00,1617620733000.0,0,0.007787171333281773
381,381,2021-04-05 11:01:29+00:00,1617620489000.0,0,0.008600748296151428
382,382,2021-04-05 10:49:22+00:00,1617619762000.0,0,0.007695118210113927
383,383,2021-04-05 10:47:48+00:00,1617619668000.0,0,0.006309408867249511
384,384,2021-04-05 10:46:49+00:00,1617619609000.0,0,0.007096315255527674
385,385,2021-04-05 10:28:42+00:00,1617618522000.0,0,0.011969250689498834
386,386,2021-04-05 02:39:43+00:00,1617590383000.0,0,0.038757312989832204
387,387,2021-04-05 02:23:41+00:00,1617589421000.0,0,0.020399187199268143
388,388,2021-04-04 22:36:31+00:00,1617575791000.0,0,0.006633997665168367
389,389,2021-04-04 22:28:32+00:00,1617575312000.0,0,0.0039058210851594666
390,390,2021-04-04 22:27:17+00:00,1617575237000.0,0,0.0038165943430752414
391,391,2021-04-04 22:25:38+00:00,1617575138000.0,0,0.0031347962382444194
392,392,2021-04-04 18:25:28+00:00,1617560728000.0,0,0.0005168624188813808
393,393,2021-04-04 10:53:26+00:00,1617533606000.0,0,0.002341044320025798
394,394,2021-04-04 06:25:28+00:00,1617517528000.0,0,0.007226354941551438
395,395,2021-04-04 01:03:00+00:00,1617498180000.0,0,0.03272474686563176
396,396,2021-04-03 11:30:12+00:00,1617449412000.0,0,0.006968229192545472
397,397,2021-04-03 05:38:12+00:00,1617428292000.0,0,0.016047091048499995
398,398,2021-04-03 04:31:41+00:00,1617424301000.0,0,0.018792454251717938
399,399,2021-04-03 00:18:28+00:00,1617409108000.0,0,0.02862634150741461
400,400,2021-04-02 19:13:19+00:00,1617390799000.0,0,0.003962950138504118
401,401,2021-04-02 08:33:00+00:00,1617352380000.0,0,0.0030556402452006637
402,402,2021-04-01 12:17:38+00:00,1617279458000.0,0,0.017136694221632442
403,403,2021-04-01 12:14:41+00:00,1617279281000.0,0,0.015176764110530483
404,404,2021-04-01 10:25:23+00:00,1617272723000.0,1,0.2872880530286901
405,405,2021-04-01 10:23:49+00:00,1617272629000.0,1,0.318658978339617
406,406,2021-04-01 08:54:49+00:00,1617267289000.0,0,0.004635782457428128
407,407,2021-03-31 23:35:21+00:00,1617233721000.0,0,0.010786616888995182
408,408,2021-03-31 19:23:17+00:00,1617218597000.0,0,0.003793729100751264
409,409,2021-03-30 22:30:27+00:00,1617143427000.0,0,0.00029732884200583953
410,410,2021-03-30 22:11:28+00:00,1617142288000.0,0,0.0011423172246305402
411,411,2021-03-30 14:44:51+00:00,1617115491000.0,0,0.0019687521389690765
412,412,2021-03-30 14:39:22+00:00,1617115162000.0,0,0.009467380455494112
413,413,2021-03-30 14:37:39+00:00,1617115059000.0,0,0.008499235830225604
414,414,2021-03-30 14:29:47+00:00,1617114587000.0,0,0.010321767432398987
415,415,2021-03-30 14:27:29+00:00,1617114449000.0,0,0.012915760760706219
416,416,2021-03-30 14:23:01+00:00,1617114181000.0,0,0.016794649401640438
417,417,2021-03-30 14:17:29+00:00,1617113849000.0,0,0.01170357491015439
418,418,2021-03-30 14:09:37+00:00,1617113377000.0,0,0.030732970032296913
419,419,2021-03-30 14:06:29+00:00,1617113189000.0,0,0.028392945948394255
420,420,2021-03-30 13:49:03+00:00,1617112143000.0,0,0.025537641842500625
421,421,2021-03-30 13:38:01+00:00,1617111481000.0,0,0.02326064802381067
422,422,2021-03-30 13:31:21+00:00,1617111081000.0,0,0.02029897285399862
423,423,2021-03-30 13:30:08+00:00,1617111008000.0,0,0.019838810808036067
424,424,2021-03-30 10:25:32+00:00,1617099932000.0,0,0.006077631169591813
425,425,2021-03-30 05:38:49+00:00,1617082729000.0,0,0.007287211755520273
426,426,2021-03-29 21:43:43+00:00,1617054223000.0,0,0.00035813180727339855
427,427,2021-03-29 15:33:52+00:00,1617032032000.0,0,0.003336246223117456
428,428,2021-03-28 18:12:55+00:00,1616955175000.0,0,0.002090629923163778
429,429,2021-03-28 12:33:45+00:00,1616934825000.0,0,0.0061297034044578425
430,430,2021-03-28 12:32:39+00:00,1616934759000.0,0,0.00491086820795239
431,431,2021-03-28 12:07:22+00:00,1616933242000.0,0,0.0007888533360922434
432,432,2021-03-28 11:10:25+00:00,1616929825000.0,0,0.003954416164899666
433,433,2021-03-27 20:37:15+00:00,1616877435000.0,0,0.012026690781440141
434,434,2021-03-27 20:36:25+00:00,1616877385000.0,0,0.011298426428637098
435,435,2021-03-27 20:35:06+00:00,1616877306000.0,0,0.010617675404071214
436,436,2021-03-27 20:34:32+00:00,1616877272000.0,0,0.010368667831203382
437,437,2021-03-27 08:49:25+00:00,1616834965000.0,0,0.03298279603945642
438,438,2021-03-27 03:48:34+00:00,1616816914000.0,0,0.008633440663653902
439,439,2021-03-27 03:34:31+00:00,1616816071000.0,0,0.005526364477335788
440,440,2021-03-27 03:16:42+00:00,1616815002000.0,0,0.00498386318952404
441,441,2021-03-27 03:09:14+00:00,1616814554000.0,0,0.004089422028353384
442,442,2021-03-27 02:44:44+00:00,1616813084000.0,0,0.0030201702244136985
443,443,2021-03-26 20:28:21+00:00,1616790501000.0,0,0.01667666511973631
444,444,2021-03-26 19:33:26+00:00,1616787206000.0,0,0.011312152944094267
445,445,2021-03-26 18:10:13+00:00,1616782213000.0,0,0.00100921498165496
446,446,2021-03-26 08:18:05+00:00,1616746685000.0,0,0.004223422658691023
447,447,2021-03-26 08:15:57+00:00,1616746557000.0,0,0.005562849575386775
448,448,2021-03-26 00:41:52+00:00,1616719312000.0,0,0.003438315282976445
449,449,2021-03-25 22:33:41+00:00,1616711621000.0,0,0.0010343990661514368
450,450,2021-03-25 22:32:39+00:00,1616711559000.0,0,0.0022642018881204873
451,451,2021-03-25 22:27:55+00:00,1616711275000.0,0,0.00022488669170517284
452,452,2021-03-25 13:13:23+00:00,1616678003000.0,0,0.0279941001767543
453,453,2021-03-25 10:35:03+00:00,1616668503000.0,0,0.010040748415125478
454,454,2021-03-25 10:33:51+00:00,1616668431000.0,0,0.011193540675391134
455,455,2021-03-25 10:25:26+00:00,1616667926000.0,0,0.012755555212283554
456,456,2021-03-25 07:54:15+00:00,1616658855000.0,0,0.011931032999939362
457,457,2021-03-25 07:48:53+00:00,1616658533000.0,0,0.007419760341546455
458,458,2021-03-25 07:41:51+00:00,1616658111000.0,0,0.008108313357881425
459,459,2021-03-25 07:33:56+00:00,1616657636000.0,0,0.0018699588223500818
460,460,2021-03-24 23:29:38+00:00,1616628578000.0,0,0.004960594577829269
461,461,2021-03-24 20:16:22+00:00,1616616982000.0,0,0.013971778248537126
462,462,2021-03-24 07:17:41+00:00,1616570261000.0,0,0.025474919182012945
463,463,2021-03-24 07:10:43+00:00,1616569843000.0,0,0.022105768099414336
464,464,2021-03-24 07:09:34+00:00,1616569774000.0,0,0.021523292627770196
465,465,2021-03-24 07:02:40+00:00,1616569360000.0,0,0.024371308447493245
466,466,2021-03-24 06:27:32+00:00,1616567252000.0,0,0.0352825734783615
467,467,2021-03-24 06:22:57+00:00,1616566977000.0,0,0.03457003461628849
468,468,2021-03-24 06:13:30+00:00,1616566410000.0,0,0.03634169982560276
469,469,2021-03-23 08:56:58+00:00,1616489818000.0,0,0.009085115799873922
470,470,2021-03-23 01:24:19+00:00,1616462659000.0,0,0.01374115317275204
471,471,2021-03-23 01:14:58+00:00,1616462098000.0,0,0.01410029082640607
472,472,2021-03-23 01:09:49+00:00,1616461789000.0,0,0.010767914245822574
473,473,2021-03-23 00:59:41+00:00,1616461181000.0,0,0.00639296271848
474,474,2021-03-23 00:58:22+00:00,1616461102000.0,0,0.008600171140529467
475,475,2021-03-23 00:52:22+00:00,1616460742000.0,0,0.01014371158298788
476,476,2021-03-23 00:35:26+00:00,1616459726000.0,0,0.018771994174834772
477,477,2021-03-22 02:10:37+00:00,1616379037000.0,0,0.00833529120919585
478,478,2021-03-21 20:39:07+00:00,1616359147000.0,0,0.009063936561114483
479,479,2021-03-21 08:42:00+00:00,1616316120000.0,0,0.005263658285724171
480,480,2021-03-21 05:31:31+00:00,1616304691000.0,0,0.007807409174267477
481,481,2021-03-21 04:32:11+00:00,1616301131000.0,0,0.0004982877800934205
482,482,2021-03-21 04:25:23+00:00,1616300723000.0,0,0.001128791901474857
483,483,2021-03-21 04:23:40+00:00,1616300620000.0,0,0.007378761536294132
484,484,2021-03-21 04:22:32+00:00,1616300552000.0,0,0.005597600440399475
485,485,2021-03-21 04:21:32+00:00,1616300492000.0,0,0.0049995372385827075
486,486,2021-03-21 04:19:13+00:00,1616300353000.0,0,0.0035100629791895432
487,487,2021-03-21 03:06:42+00:00,1616296002000.0,0,0.009293775825561346
488,488,2021-03-21 02:52:08+00:00,1616295128000.0,0,0.013689084348916802
489,489,2021-03-20 15:52:39+00:00,1616255559000.0,0,0.004309411371675509
490,490,2021-03-20 14:07:14+00:00,1616249234000.0,0,0.009660280148124256
491,491,2021-03-20 13:04:12+00:00,1616245452000.0,0,0.006010762991017327
492,492,2021-03-20 09:21:38+00:00,1616232098000.0,0,0.011405429627061814
493,493,2021-03-20 05:34:31+00:00,1616218471000.0,0,0.032787611524226934
494,494,2021-03-20 04:40:08+00:00,1616215208000.0,0,0.002557095385287367
495,495,2021-03-19 21:43:32+00:00,1616190212000.0,0,0.003343917579160305
496,496,2021-03-19 08:25:36+00:00,1616142336000.0,0,0.007013792222289483
497,497,2021-03-19 07:32:18+00:00,1616139138000.0,0,0.03408527879872869
498,498,2021-03-19 07:28:55+00:00,1616138935000.0,0,0.03340912855052869
499,499,2021-03-19 07:12:22+00:00,1616137942000.0,0,0.03153266983989611
500,500,2021-03-19 06:54:27+00:00,1616136867000.0,0,0.02828878861506423
501,501,2021-03-19 06:10:01+00:00,1616134201000.0,0,0.009741134351184844
502,502,2021-03-19 06:08:53+00:00,1616134133000.0,0,0.008920524499750782
503,503,2021-03-19 02:40:07+00:00,1616121607000.0,0,0.009610620181777163
504,504,2021-03-19 01:42:24+00:00,1616118144000.0,0,0.005563916075125963
505,505,2021-03-19 01:40:12+00:00,1616118012000.0,0,0.006433654899589802
506,506,2021-03-18 23:50:43+00:00,1616111443000.0,0,0.004931399069074471
507,507,2021-03-18 23:44:26+00:00,1616111066000.0,0,0.004420868028129243
508,508,2021-03-18 23:15:42+00:00,1616109342000.0,0,0.0030807350100063857
509,509,2021-03-18 21:17:16+00:00,1616102236000.0,0,0.00677486894728041
510,510,2021-03-18 21:16:26+00:00,1616102186000.0,0,0.011525668284121826
511,511,2021-03-18 07:09:10+00:00,1616051350000.0,0,0.002499358365960491
512,512,2021-03-18 06:38:56+00:00,1616049536000.0,0,0.0033800520166784587
513,513,2021-03-17 01:21:16+00:00,1615944076000.0,0,0.0033703751011198158
514,514,2021-03-17 01:20:54+00:00,1615944054000.0,0,0.004867815111717411
515,515,2021-03-17 01:18:48+00:00,1615943928000.0,0,0.004833537999727078
516,516,2021-03-16 23:41:44+00:00,1615938104000.0,0,0.008384044660174395
517,517,2021-03-15 23:11:50+00:00,1615849910000.0,0,0.009637941414602613
518,518,2021-03-15 19:52:47+00:00,1615837967000.0,0,0.02449478516277681
519,519,2021-03-15 01:37:27+00:00,1615772247000.0,0,0.003519782876044264
520,520,2021-03-15 00:28:09+00:00,1615768089000.0,0,0.0010062230506118208
521,521,2021-03-14 14:17:57+00:00,1615731477000.0,0,0.0014052416656602507
522,522,2021-03-14 14:10:15+00:00,1615731015000.0,0,0.004630846300627933
523,523,2021-03-14 14:00:29+00:00,1615730429000.0,0,0.009859563973950713
524,524,2021-03-14 13:55:44+00:00,1615730144000.0,0,0.013106043397102196
525,525,2021-03-14 13:49:17+00:00,1615729757000.0,0,0.008666295191582796
526,526,2021-03-14 13:38:38+00:00,1615729118000.0,0,0.023979502707738964
527,527,2021-03-14 04:58:24+00:00,1615697904000.0,0,0.00661815079560002
528,528,2021-03-14 04:49:52+00:00,1615697392000.0,0,0.008931391045936321
529,529,2021-03-14 04:10:36+00:00,1615695036000.0,0,0.010691586858271318
530,530,2021-03-14 03:58:44+00:00,1615694324000.0,0,0.002090916746241067
531,531,2021-03-14 03:54:54+00:00,1615694094000.0,0,0.010426195576076047
532,532,2021-03-14 02:01:26+00:00,1615687286000.0,0,0.01407707658178703
533,533,2021-03-14 01:59:13+00:00,1615687153000.0,0,0.01917123458071579
534,534,2021-03-13 23:51:05+00:00,1615679465000.0,0,0.03484706165311868
535,535,2021-03-13 23:46:16+00:00,1615679176000.0,0,0.046053085482805844
536,536,2021-03-13 23:40:41+00:00,1615678841000.0,1,0.05089190380080244
537,537,2021-03-13 23:32:59+00:00,1615678379000.0,1,0.07645898380381322
538,538,2021-03-13 07:20:23+00:00,1615620023000.0,0,0.010051968135800449
539,539,2021-03-13 02:10:53+00:00,1615601453000.0,0,0.014198060398098233
540,540,2021-03-13 00:01:24+00:00,1615593684000.0,0,0.006116163602844615
541,541,2021-03-12 23:56:30+00:00,1615593390000.0,0,0.003298975780998692
542,542,2021-03-12 23:51:00+00:00,1615593060000.0,0,0.0019369839372944675
543,543,2021-03-12 23:13:17+00:00,1615590797000.0,0,0.0038755222590405314
544,544,2021-03-12 19:00:34+00:00,1615575634000.0,0,0.0033785440654783283
545,545,2021-03-12 18:58:22+00:00,1615575502000.0,0,0.007477753682793686
546,546,2021-03-12 04:10:36+00:00,1615522236000.0,0,0.0005824874871418473
547,547,2021-03-12 04:06:33+00:00,1615521993000.0,0,0.0011455727243914193
548,548,2021-03-11 13:53:21+00:00,1615470801000.0,0,0.02161565162511825
549,549,2021-03-11 13:12:34+00:00,1615468354000.0,0,0.029186783493274637
550,550,2021-03-11 12:47:07+00:00,1615466827000.0,0,0.01813053331811587
551,551,2021-03-11 12:45:07+00:00,1615466707000.0,0,0.02096594872689228
552,552,2021-03-11 11:14:31+00:00,1615461271000.0,0,0.0
553,553,2021-03-11 11:11:56+00:00,1615461116000.0,0,0.0009463147002042316
554,554,2021-03-11 08:48:41+00:00,1615452521000.0,0,0.0060279796133400065
555,555,2021-03-11 07:54:33+00:00,1615449273000.0,0,0.0005021499996376022
556,556,2021-03-11 07:51:30+00:00,1615449090000.0,0,0.00041608625649014463
557,557,2021-03-11 07:13:24+00:00,1615446804000.0,0,0.001434496130989782
558,558,2021-03-10 14:32:18+00:00,1615386738000.0,0,0.003330803832812368
559,559,2021-03-10 03:23:29+00:00,1615346609000.0,0,0.007890039271688742
560,560,2021-03-10 01:21:41+00:00,1615339301000.0,0,0.0007453275671822635
561,561,2021-03-10 00:07:52+00:00,1615334872000.0,0,0.016577567862147813
562,562,2021-03-10 00:04:33+00:00,1615334673000.0,0,0.015011176330363307
563,563,2021-03-09 23:27:05+00:00,1615332425000.0,0,0.009029182565331917
564,564,2021-03-09 20:18:55+00:00,1615321135000.0,0,0.01438792494923713
565,565,2021-03-09 20:09:48+00:00,1615320588000.0,0,0.006626353458713652
566,566,2021-03-09 10:58:25+00:00,1615287505000.0,0,0.007748176411960683
567,567,2021-03-09 10:43:01+00:00,1615286581000.0,0,0.011294447363811466
568,568,2021-03-09 10:37:11+00:00,1615286231000.0,0,0.0083677258334105
569,569,2021-03-09 08:22:18+00:00,1615278138000.0,0,0.0037584735337286013
570,570,2021-03-09 00:09:50+00:00,1615248590000.0,0,0.010864305552793718
571,571,2021-03-08 22:24:31+00:00,1615242271000.0,0,0.040391023991113384
572,572,2021-03-08 13:24:16+00:00,1615209856000.0,0,0.03279902956544922
573,573,2021-03-08 12:03:27+00:00,1615205007000.0,0,0.001099781303717906
574,574,2021-03-08 12:00:49+00:00,1615204849000.0,0,0.0003279564015117309
575,575,2021-03-08 11:30:16+00:00,1615203016000.0,0,0.024461443512690195
576,576,2021-03-08 10:14:43+00:00,1615198483000.0,0,0.011907772951375684
577,577,2021-03-08 08:46:25+00:00,1615193185000.0,0,0.021286370320263037
578,578,2021-03-07 22:43:39+00:00,1615157019000.0,0,0.015158227909325417
579,579,2021-03-06 23:35:31+00:00,1615073731000.0,0,0.0017078801158150192
580,580,2021-03-06 23:32:40+00:00,1615073560000.0,0,0.0005432286934177188
581,581,2021-03-06 23:08:15+00:00,1615072095000.0,0,0.0008467747442604256
582,582,2021-03-06 22:53:38+00:00,1615071218000.0,0,0.001372306581442606
583,583,2021-03-06 22:47:09+00:00,1615070829000.0,0,0.002411314720289326
584,584,2021-03-06 22:35:23+00:00,1615070123000.0,0,0.0060185816404043635
585,585,2021-03-06 04:40:30+00:00,1615005630000.0,0,0.04116742011560137
586,586,2021-03-06 04:08:29+00:00,1615003709000.0,1,0.05767091571436889
587,587,2021-03-06 04:05:34+00:00,1615003534000.0,1,0.057207313174450825
588,588,2021-03-06 04:00:31+00:00,1615003231000.0,1,0.05244395516413136
589,589,2021-03-06 01:57:02+00:00,1614995822000.0,0,1.8003420649836954e-05
590,590,2021-03-06 01:54:02+00:00,1614995642000.0,0,0.0017040073206235906
591,591,2021-03-06 01:51:37+00:00,1614995497000.0,0,0.0012008117487420922
592,592,2021-03-06 01:43:55+00:00,1614995035000.0,0,0.003935372395399428
593,593,2021-03-05 23:26:33+00:00,1614986793000.0,0,0.011450998126493861
594,594,2021-03-05 22:37:43+00:00,1614983863000.0,0,0.00989699050696835
595,595,2021-03-05 10:35:28+00:00,1614940528000.0,0,0.008562617824871666
596,596,2021-03-05 10:32:09+00:00,1614940329000.0,0,0.006058096844310024
597,597,2021-03-05 06:39:13+00:00,1614926353000.0,0,0.004820531940330053
598,598,2021-03-04 23:25:56+00:00,1614900356000.0,0,0.0028691272858134553
599,599,2021-03-04 23:04:38+00:00,1614899078000.0,0,0.007125252780586289
600,600,2021-03-04 04:24:49+00:00,1614831889000.0,0,0.009360221361726984
601,601,2021-03-04 00:40:32+00:00,1614818432000.0,0,0.00735123255731529
602,602,2021-03-04 00:37:25+00:00,1614818245000.0,0,0.010082281367920443
603,603,2021-03-04 00:35:12+00:00,1614818112000.0,0,0.008481242496111374
604,604,2021-03-03 20:39:42+00:00,1614803982000.0,0,0.0038872768406039704
605,605,2021-03-03 20:10:07+00:00,1614802207000.0,0,0.007277951717482578
606,606,2021-03-03 11:59:08+00:00,1614772748000.0,0,0.013046094129063546
607,607,2021-03-03 11:30:39+00:00,1614771039000.0,0,0.008926189804273177
608,608,2021-03-03 05:13:30+00:00,1614748410000.0,0,0.0050925605963370035
609,609,2021-03-03 04:29:03+00:00,1614745743000.0,0,0.00572011167554809
610,610,2021-03-03 04:22:49+00:00,1614745369000.0,0,0.005590962791451215
611,611,2021-03-03 03:50:06+00:00,1614743406000.0,0,0.01384111351428996
612,612,2021-03-03 03:46:48+00:00,1614743208000.0,0,0.01439035690321755
613,613,2021-03-03 03:35:16+00:00,1614742516000.0,0,0.012588633749499145
614,614,2021-03-03 03:21:59+00:00,1614741719000.0,0,0.010675228093376177
615,615,2021-03-03 03:21:13+00:00,1614741673000.0,0,0.010675228093376177
616,616,2021-03-03 03:16:49+00:00,1614741409000.0,0,0.008975172136802767
617,617,2021-03-02 22:27:34+00:00,1614724054000.0,0,0.005255619653869115
618,618,2021-03-02 21:19:32+00:00,1614719972000.0,0,0.010683999999999916
619,619,2021-03-02 21:15:02+00:00,1614719702000.0,0,0.010878088593009982
620,620,2021-03-02 21:07:09+00:00,1614719229000.0,0,0.0033550611601751434
621,621,2021-03-02 20:31:38+00:00,1614717098000.0,0,0.02278855983707495
622,622,2021-03-02 20:26:55+00:00,1614716815000.0,0,0.02620016799121272
623,623,2021-03-02 20:26:19+00:00,1614716779000.0,0,0.02620016799121272
624,624,2021-03-02 18:41:18+00:00,1614710478000.0,0,0.0032414262275399786
625,625,2021-03-02 17:50:44+00:00,1614707444000.0,0,0.002904388255753565
626,626,2021-03-02 08:36:34+00:00,1614674194000.0,0,0.00671904717363514
627,627,2021-03-01 22:25:54+00:00,1614637554000.0,0,0.006146415549241668
628,628,2021-03-01 22:24:43+00:00,1614637483000.0,0,0.004757888234175889
629,629,2021-03-01 22:23:50+00:00,1614637430000.0,0,0.007622810849450046
630,630,2021-03-01 22:11:17+00:00,1614636677000.0,0,0.0019400054304412606
631,631,2021-03-01 22:08:58+00:00,1614636538000.0,0,0.002269332131420443
632,632,2021-03-01 19:57:08+00:00,1614628628000.0,0,0.020957781096384798
633,633,2021-03-01 19:01:34+00:00,1614625294000.0,1,0.063385943984138
634,634,2021-03-01 18:59:03+00:00,1614625143000.0,1,0.064468191650904
635,635,2021-03-01 17:55:05+00:00,1614621305000.0,0,0.025929895129425784
636,636,2021-02-26 10:04:57+00:00,1614333897000.0,0,0.01206159565105236
637,637,2021-02-26 09:50:44+00:00,1614333044000.0,0,0.010350798914207981
638,638,2021-02-26 09:05:27+00:00,1614330327000.0,0,0.03835929135607952
639,639,2021-02-26 09:03:40+00:00,1614330220000.0,0,0.0415215378287308
640,640,2021-02-26 08:46:08+00:00,1614329168000.0,0,0.01571639680421333
641,641,2021-02-26 02:12:48+00:00,1614305568000.0,0,0.024171155661687038
642,642,2021-02-25 22:08:03+00:00,1614290883000.0,0,0.031149065331454118
643,643,2021-02-25 21:50:26+00:00,1614289826000.0,0,0.019318404856710325
644,644,2021-02-25 21:47:26+00:00,1614289646000.0,0,0.017211186592534178
645,645,2021-02-25 21:44:01+00:00,1614289441000.0,0,0.01091031034928025
646,646,2021-02-25 21:36:35+00:00,1614288995000.0,0,0.011561462819145607
647,647,2021-02-25 21:34:06+00:00,1614288846000.0,0,0.009291917051985843
648,648,2021-02-25 21:07:22+00:00,1614287242000.0,0,0.006444304979411841
649,649,2021-02-25 19:37:37+00:00,1614281857000.0,0,0.005999622521366543
650,650,2021-02-25 11:57:44+00:00,1614254264000.0,0,0.015598979172524174
651,651,2021-02-25 11:52:19+00:00,1614253939000.0,0,0.018223246972429274
652,652,2021-02-25 11:19:20+00:00,1614251960000.0,0,0.001789454602236562
653,653,2021-02-25 11:10:19+00:00,1614251419000.0,0,0.000863171240996774
654,654,2021-02-25 06:35:22+00:00,1614234922000.0,0,0.0074912622893701375
655,655,2021-02-25 05:16:27+00:00,1614230187000.0,0,0.01977456954784551
656,656,2021-02-25 05:15:02+00:00,1614230102000.0,0,0.016016238188740095
657,657,2021-02-25 01:28:24+00:00,1614216504000.0,0,0.0004623449580065664
658,658,2021-02-25 01:25:56+00:00,1614216356000.0,0,0.008949920239595288
659,659,2021-02-24 22:43:08+00:00,1614206588000.0,0,0.02423319416084002
660,660,2021-02-24 13:15:48+00:00,1614172548000.0,1,0.08189672105971812
661,661,2021-02-24 13:10:13+00:00,1614172213000.0,1,0.051763586682915586
662,662,2021-02-24 13:00:05+00:00,1614171605000.0,1,0.10357414781110319
663,663,2021-02-24 10:52:28+00:00,1614163948000.0,0,0.0033310482305315414
664,664,2021-02-24 08:24:26+00:00,1614155066000.0,0,0.0
665,665,2021-02-24 08:12:32+00:00,1614154352000.0,0,0.008799389889599052
666,666,2021-02-24 07:46:16+00:00,1614152776000.0,0,0.01954055472566507
667,667,2021-02-24 07:41:59+00:00,1614152519000.0,0,0.02472890794029059
668,668,2021-02-24 07:26:13+00:00,1614151573000.0,0,0.029432147079205828
669,669,2021-02-24 07:24:07+00:00,1614151447000.0,0,0.024154642805131354
670,670,2021-02-24 07:12:10+00:00,1614150730000.0,0,0.01905993488329427
671,671,2021-02-24 07:01:26+00:00,1614150086000.0,0,0.002108597268744239
672,672,2021-02-23 11:54:12+00:00,1614081252000.0,1,0.11213056412822864
673,673,2021-02-23 11:53:11+00:00,1614081191000.0,1,0.09936923690032828
674,674,2021-02-23 11:50:35+00:00,1614081035000.0,1,0.11524422686855695
675,675,2021-02-23 10:46:12+00:00,1614077172000.0,0,0.007498244287180489
676,676,2021-02-23 08:20:41+00:00,1614068441000.0,0,0.0017616508276978582
677,677,2021-02-23 08:18:12+00:00,1614068292000.0,0,0.020507118064998275
678,678,2021-02-22 23:25:09+00:00,1614036309000.0,0,0.02114981132146987
679,679,2021-02-22 20:22:10+00:00,1614025330000.0,0,0.010746614742036753
680,680,2021-02-22 20:21:15+00:00,1614025275000.0,0,0.010219184136587511
681,681,2021-02-22 20:21:02+00:00,1614025262000.0,0,0.010219184136587511
682,682,2021-02-22 20:20:32+00:00,1614025232000.0,0,0.009366325758138005
683,683,2021-02-22 20:12:14+00:00,1614024734000.0,0,0.0074708407566401736
684,684,2021-02-22 09:30:56+00:00,1613986256000.0,0,0.011694342425336846
685,685,2021-02-22 08:53:58+00:00,1613984038000.0,0,0.02686229905206794
686,686,2021-02-22 08:13:35+00:00,1613981615000.0,1,0.051601432719763585
687,687,2021-02-21 23:11:50+00:00,1613949110000.0,0,0.000506889325085691
688,688,2021-02-21 21:59:56+00:00,1613944796000.0,0,0.037142958019983574
689,689,2021-02-21 21:27:06+00:00,1613942826000.0,1,0.05263157894736836
690,690,2021-02-21 21:25:04+00:00,1613942704000.0,1,0.10279927215248041
691,691,2021-02-21 13:10:19+00:00,1613913019000.0,0,0.011639290764712262
692,692,2021-02-21 13:09:58+00:00,1613912998000.0,0,0.02279850869378741
693,693,2021-02-21 01:11:32+00:00,1613869892000.0,0,0.014858737480750062
694,694,2021-02-20 23:42:57+00:00,1613864577000.0,0,0.038091654277780496
695,695,2021-02-20 21:06:39+00:00,1613855199000.0,0,0.003559830236977035
696,696,2021-02-20 20:52:56+00:00,1613854376000.0,0,0.03914946663070995
697,697,2021-02-20 20:39:16+00:00,1613853556000.0,0,0.035784601691143614
698,698,2021-02-20 10:06:29+00:00,1613815589000.0,0,0.005351616598560316
699,699,2021-02-20 09:16:14+00:00,1613812574000.0,0,0.005191697374834936
700,700,2021-02-20 08:42:28+00:00,1613810548000.0,1,0.06491788553273081
701,701,2021-02-20 08:31:11+00:00,1613809871000.0,1,0.08552778647114034
702,702,2021-02-20 07:02:06+00:00,1613804526000.0,0,0.044596959673059544
703,703,2021-02-20 06:07:51+00:00,1613801271000.0,1,0.05348370427049032
704,704,2021-02-19 22:27:32+00:00,1613773652000.0,0,0.007229448048302611
705,705,2021-02-19 22:25:12+00:00,1613773512000.0,0,0.004950870738908542
706,706,2021-02-19 21:06:55+00:00,1613768815000.0,0,0.01435529763531429
707,707,2021-02-19 20:34:57+00:00,1613766897000.0,0,0.04887774949992374
708,708,2021-02-19 11:30:15+00:00,1613734215000.0,0,0.007187066780558249
709,709,2021-02-19 11:16:12+00:00,1613733372000.0,0,0.02929891186714162
710,710,2021-02-19 04:20:47+00:00,1613708447000.0,0,0.001581732378512779
711,711,2021-02-19 03:11:31+00:00,1613704291000.0,0,0.016283483097615292
712,712,2021-02-19 03:01:02+00:00,1613703662000.0,0,0.015421917927696205
713,713,2021-02-18 23:49:40+00:00,1613692180000.0,0,0.004074870516178164
714,714,2021-02-18 05:56:42+00:00,1613627802000.0,0,0.0035041302091198823
715,715,2021-02-17 08:55:40+00:00,1613552140000.0,0,0.006923764145324585
716,716,2021-02-17 04:52:16+00:00,1613537536000.0,0,0.022559654594901835
717,717,2021-02-16 16:18:55+00:00,1613492335000.0,0,0.007164426132812096
718,718,2021-02-16 16:09:19+00:00,1613491759000.0,0,0.007329629687157446
719,719,2021-02-16 16:05:20+00:00,1613491520000.0,0,0.04638188324214232
720,720,2021-02-16 05:14:49+00:00,1613452489000.0,0,0.0
721,721,2021-02-16 04:25:03+00:00,1613449503000.0,0,0.007366466979040309
722,722,2021-02-16 02:42:52+00:00,1613443372000.0,0,0.00844747582989247
723,723,2021-02-16 02:39:46+00:00,1613443186000.0,0,0.001017220691643006
724,724,2021-02-15 10:33:31+00:00,1613385211000.0,1,0.08330432682403588
725,725,2021-02-15 10:08:32+00:00,1613383712000.0,0,0.0367498511917983
726,726,2021-02-15 10:05:59+00:00,1613383559000.0,1,0.06326422115895802
727,727,2021-02-15 09:52:37+00:00,1613382757000.0,1,0.052083559296297155
728,728,2021-02-15 01:13:46+00:00,1613351626000.0,0,0.009125431117685823
729,729,2021-02-15 01:11:40+00:00,1613351500000.0,0,0.00309825105849848
730,730,2021-02-14 23:33:22+00:00,1613345602000.0,0,0.0394662257528533
731,731,2021-02-14 23:25:16+00:00,1613345116000.0,1,0.09168472145244455
732,732,2021-02-14 02:16:24+00:00,1613268984000.0,0,0.01275936083949425
733,733,2021-02-13 21:19:38+00:00,1613251178000.0,0,0.003045701960362468
734,734,2021-02-13 21:07:38+00:00,1613250458000.0,0,0.00596122515720654
735,735,2021-02-13 14:12:41+00:00,1613225561000.0,0,0.02618874821133166
736,736,2021-02-13 02:00:16+00:00,1613181616000.0,0,0.0018435714215563337
737,737,2021-02-13 01:55:13+00:00,1613181313000.0,0,0.0019562034788169758
738,738,2021-02-12 23:07:56+00:00,1613171276000.0,0,0.008699621941650637
739,739,2021-02-12 10:15:48+00:00,1613124948000.0,0,0.025394653725597127
740,740,2021-02-12 05:01:15+00:00,1613106075000.0,0,0.037449006096349935
741,741,2021-02-11 23:28:07+00:00,1613086087000.0,0,0.0010109783707585862
742,742,2021-02-11 23:27:37+00:00,1613086057000.0,0,0.009954452476664377
743,743,2021-02-11 20:41:50+00:00,1613076110000.0,0,0.0029894469094522425
744,744,2021-02-11 20:05:55+00:00,1613073955000.0,0,0.016026350950649082
745,745,2021-02-11 09:08:33+00:00,1613034513000.0,0,0.04124626217806493
746,746,2021-02-11 01:04:53+00:00,1613005493000.0,0,0.010389171552891652
747,747,2021-02-11 01:03:25+00:00,1613005405000.0,0,0.009923439055079308
748,748,2021-02-10 21:15:44+00:00,1612991744000.0,0,0.022211741608387348
749,749,2021-02-10 19:53:10+00:00,1612986790000.0,0,0.0077322512144120115
750,750,2021-02-10 19:47:18+00:00,1612986438000.0,0,0.022256809338521366
751,751,2021-02-10 16:51:31+00:00,1612975891000.0,0,0.016472404456454592
752,752,2021-02-10 16:39:24+00:00,1612975164000.0,0,0.0005575379125781765
753,753,2021-02-10 15:08:11+00:00,1612969691000.0,1,0.14035754189944138
754,754,2021-02-10 15:00:38+00:00,1612969238000.0,1,0.18332925120181343
755,755,2021-02-10 08:57:34+00:00,1612947454000.0,0,1.363415738309115e-06
756,756,2021-02-10 07:51:19+00:00,1612943479000.0,0,0.0026560424966799445
757,757,2021-02-10 07:22:23+00:00,1612941743000.0,0,0.028991765644401202
758,758,2021-02-10 07:18:12+00:00,1612941492000.0,0,0.03240000269943777
759,759,2021-02-10 07:13:58+00:00,1612941238000.0,0,0.03408603909491448
760,760,2021-02-10 06:35:14+00:00,1612938914000.0,0,0.018703985850815563
761,761,2021-02-09 14:13:48+00:00,1612880028000.0,0,0.003604592182642863
762,762,2021-02-09 06:32:25+00:00,1612852345000.0,0,0.010573993474579435
763,763,2021-02-09 06:28:42+00:00,1612852122000.0,0,0.0032979327077691245
764,764,2021-02-09 06:20:37+00:00,1612851637000.0,0,0.005957533479301391
765,765,2021-02-09 04:15:49+00:00,1612844149000.0,0,0.017266453074706645
766,766,2021-02-09 02:22:44+00:00,1612837364000.0,0,0.04752612874555773
767,767,2021-02-09 00:11:09+00:00,1612829469000.0,0,0.03612766916874177
768,768,2021-02-09 00:09:50+00:00,1612829390000.0,0,0.0409733737336202
769,769,2021-02-09 00:08:40+00:00,1612829320000.0,0,0.04513234084090989
770,770,2021-02-09 00:02:03+00:00,1612828923000.0,0,0.04538878750236419
771,771,2021-02-08 06:07:04+00:00,1612764424000.0,0,0.0005851648351646865
772,772,2021-02-08 05:34:38+00:00,1612762478000.0,0,0.002691091592093686
773,773,2021-02-08 05:27:36+00:00,1612762056000.0,0,0.001274049550894052
774,774,2021-02-08 03:39:48+00:00,1612755588000.0,1,0.0742123922088529
775,775,2021-02-08 01:50:32+00:00,1612749032000.0,0,0.019562862422736194
776,776,2021-02-08 01:14:58+00:00,1612746898000.0,0,0.01999352816682709
777,777,2021-02-08 01:13:52+00:00,1612746832000.0,1,0.07110011920584225
778,778,2021-02-08 00:09:57+00:00,1612742997000.0,1,0.09028615581593513
779,779,2021-02-07 23:30:55+00:00,1612740655000.0,0,0.005243793055055512
780,780,2021-02-07 23:23:55+00:00,1612740235000.0,0,0.028376603596450556
781,781,2021-02-07 22:25:14+00:00,1612736714000.0,1,0.059452755035910965
782,782,2021-02-07 22:12:09+00:00,1612735929000.0,1,0.09257822277847305
783,783,2021-02-07 07:41:23+00:00,1612683683000.0,1,0.06075070842993746
784,784,2021-02-07 06:24:50+00:00,1612679090000.0,1,0.08327644699081294
785,785,2021-02-07 06:22:57+00:00,1612678977000.0,1,0.08732984582353143
786,786,2021-02-07 06:00:31+00:00,1612677631000.0,0,0.04638776676593248
787,787,2021-02-07 02:36:32+00:00,1612665392000.0,1,0.052140703234186514
788,788,2021-02-07 02:28:42+00:00,1612664922000.0,1,0.05912366543307557
789,789,2021-02-07 02:24:19+00:00,1612664659000.0,1,0.07768069896743457
790,790,2021-02-06 22:23:23+00:00,1612650203000.0,1,0.08215179239438752
791,791,2021-02-06 22:17:10+00:00,1612649830000.0,1,0.08405089864466708
792,792,2021-02-06 22:16:52+00:00,1612649812000.0,1,0.0907536181937103
793,793,2021-02-06 22:14:57+00:00,1612649697000.0,1,0.0950204613095238
794,794,2021-02-06 22:12:57+00:00,1612649577000.0,1,0.10491661739726155
795,795,2021-02-06 22:10:47+00:00,1612649447000.0,1,0.10429895532215427
796,796,2021-02-06 09:58:04+00:00,1612605484000.0,0,0.043566715956004476
797,797,2021-02-06 08:45:02+00:00,1612601102000.0,0,0.021846457411612175
798,798,2021-02-06 08:42:25+00:00,1612600945000.0,0,0.01546953181941002
799,799,2021-02-06 08:32:55+00:00,1612600375000.0,0,0.024189201515867786
800,800,2021-02-06 08:08:24+00:00,1612598904000.0,0,0.010796961833131835
801,801,2021-02-06 07:23:38+00:00,1612596218000.0,0,0.004748982360922804
802,802,2021-02-06 07:23:09+00:00,1612596189000.0,0,0.004748982360922804
803,803,2021-02-06 06:46:24+00:00,1612593984000.0,0,0.00914287110588008
804,804,2021-02-06 04:51:07+00:00,1612587067000.0,0,0.04666488483738074
805,805,2021-02-06 04:46:13+00:00,1612586773000.0,1,0.07575957741723749
806,806,2021-02-06 04:02:23+00:00,1612584143000.0,1,0.110809172206223
807,807,2021-02-05 11:49:29+00:00,1612525769000.0,0,0.01163223709579686
808,808,2021-02-05 10:29:50+00:00,1612520990000.0,0,0.0488807215311966
809,809,2021-02-05 08:40:35+00:00,1612514435000.0,0,0.0067291031517995314
810,810,2021-02-05 08:08:58+00:00,1612512538000.0,0,0.0028359187240549755
811,811,2021-02-05 02:51:10+00:00,1612493470000.0,0,0.01207740106240851
812,812,2021-02-05 02:46:39+00:00,1612493199000.0,0,0.026376122399499824
813,813,2021-02-05 02:44:05+00:00,1612493045000.0,1,0.052946220324523896
814,814,2021-02-04 22:01:09+00:00,1612476069000.0,1,0.0722099870016033
815,815,2021-02-04 21:27:23+00:00,1612474043000.0,1,0.06914774234355558
816,816,2021-02-04 20:32:19+00:00,1612470739000.0,1,0.05889295311879961
817,817,2021-02-04 20:28:05+00:00,1612470485000.0,1,0.052965170365675274
818,818,2021-02-04 20:16:29+00:00,1612469789000.0,0,0.049146931499872704
819,819,2021-02-04 20:13:49+00:00,1612469629000.0,0,0.03996585567143773
820,820,2021-02-04 10:08:21+00:00,1612433301000.0,1,0.15276480045792407
821,821,2021-02-04 09:36:59+00:00,1612431419000.0,1,0.10651478409716142
822,822,2021-02-04 09:34:47+00:00,1612431287000.0,1,0.09835651074589125
823,823,2021-02-04 09:15:42+00:00,1612430142000.0,1,0.12723054252061483
824,824,2021-02-04 08:44:12+00:00,1612428252000.0,1,0.0906666666666669
825,825,2021-02-04 08:43:13+00:00,1612428193000.0,1,0.0646325817406006
826,826,2021-02-04 08:27:10+00:00,1612427230000.0,0,0.010273679891963816
827,827,2021-02-04 08:17:17+00:00,1612426637000.0,0,0.02720706107365256
828,828,2021-02-04 08:15:26+00:00,1612426526000.0,1,0.08413858119255235
829,829,2021-02-04 07:57:30+00:00,1612425450000.0,1,0.2243335264695585
830,830,2021-02-04 07:40:18+00:00,1612424418000.0,1,0.35826668816877016
831,831,2021-02-04 07:35:35+00:00,1612424135000.0,1,0.4471429815985364
832,832,2021-02-04 07:29:09+00:00,1612423749000.0,1,0.46758550280755484
833,833,2021-02-04 07:12:41+00:00,1612422761000.0,1,0.47669999530814366
834,834,2021-02-04 07:09:30+00:00,1612422570000.0,1,0.48289218530696876
835,835,2021-02-02 08:45:48+00:00,1612255548000.0,0,0.024175391877988117
836,836,2021-02-01 23:21:08+00:00,1612221668000.0,0,0.016746240186966466
837,837,2021-02-01 23:19:31+00:00,1612221571000.0,0,0.027312030836723844
838,838,2021-02-01 23:17:40+00:00,1612221460000.0,0,0.018739059316440265
839,839,2021-02-01 22:56:48+00:00,1612220208000.0,0,0.030962643678160928
840,840,2021-01-31 23:59:16+00:00,1612137556000.0,0,0.0335314631394692
841,841,2021-01-31 23:53:27+00:00,1612137207000.0,0,0.001565203712442953
842,842,2021-01-31 23:51:25+00:00,1612137085000.0,0,0.0055645783265727555
843,843,2021-01-31 21:07:41+00:00,1612127261000.0,1,0.06720436717731815
844,844,2021-01-31 20:56:10+00:00,1612126570000.0,0,0.024452307496205528
845,845,2021-01-31 19:57:34+00:00,1612123054000.0,1,0.1577177424002847
846,846,2021-01-31 18:57:21+00:00,1612119441000.0,0,0.04989978229350833
847,847,2021-01-31 18:46:50+00:00,1612118810000.0,1,0.30953458400484823
848,848,2021-01-31 18:40:18+00:00,1612118418000.0,1,0.4081923034237045
849,849,2021-01-30 21:21:07+00:00,1612041667000.0,1,0.2987352064660751
850,850,2021-01-30 20:50:57+00:00,1612039857000.0,1,0.17830920830180164
851,851,2021-01-30 20:34:32+00:00,1612038872000.0,1,0.19998824364211987
852,852,2021-01-30 20:32:43+00:00,1612038763000.0,1,0.18728814643318548
853,853,2021-01-30 20:24:42+00:00,1612038282000.0,1,0.22924897696121072
854,854,2021-01-30 19:36:48+00:00,1612035408000.0,1,0.18029646019574685
855,855,2021-01-30 19:19:52+00:00,1612034392000.0,0,0.006114208048535463
856,856,2021-01-30 10:52:49+00:00,1612003969000.0,0,0.042122533307001886
857,857,2021-01-30 09:46:56+00:00,1612000016000.0,1,0.08661023120334965
858,858,2021-01-29 23:22:24+00:00,1611962544000.0,0,0.0036868632073145946
859,859,2021-01-29 23:19:50+00:00,1611962390000.0,0,0.009386321113455054
860,860,2021-01-29 20:44:02+00:00,1611953042000.0,1,0.26682559593186195
861,861,2021-01-29 08:22:15+00:00,1611908535000.0,0,0.03452426587555113
862,862,2021-01-29 05:16:04+00:00,1611897364000.0,1,0.10906631241544895
863,863,2021-01-29 00:47:33+00:00,1611881253000.0,1,0.14517749058210816
864,864,2021-01-29 00:37:24+00:00,1611880644000.0,1,0.09267475397744995
865,865,2021-01-29 00:35:57+00:00,1611880557000.0,1,0.07024365880632155
866,866,2021-01-29 00:33:08+00:00,1611880388000.0,1,0.2276177215189874
867,867,2021-01-28 23:49:54+00:00,1611877794000.0,1,0.562495117202759
868,868,2021-01-28 23:29:19+00:00,1611876559000.0,1,0.8518518518518521
869,869,2021-01-28 22:47:23+00:00,1611874043000.0,1,0.7800951415153874
870,870,2021-01-28 22:33:33+00:00,1611873213000.0,1,0.5455205142265782
871,871,2021-01-28 22:31:06+00:00,1611873066000.0,1,0.5585718562376303
872,872,2021-01-28 21:31:03+00:00,1611869463000.0,1,0.16785542814877608
873,873,2021-01-28 20:51:33+00:00,1611867093000.0,0,0.045379945236919905
874,874,2021-01-28 20:50:52+00:00,1611867052000.0,0,0.032429977416102096
875,875,2021-01-28 20:48:32+00:00,1611866912000.0,1,0.06408279830795993
876,876,2021-01-28 20:39:53+00:00,1611866393000.0,0,0.04340337726870769
877,877,2021-01-28 20:34:26+00:00,1611866066000.0,1,0.07738030532957074
878,878,2021-01-28 19:49:28+00:00,1611863368000.0,0,0.0007091384582593729
879,879,2021-01-28 19:12:30+00:00,1611861150000.0,0,0.01856227897198548
880,880,2021-01-28 19:06:40+00:00,1611860800000.0,1,0.08930563301728944
881,881,2021-01-28 18:43:59+00:00,1611859439000.0,1,0.1183280548249146
882,882,2021-01-28 18:43:02+00:00,1611859382000.0,1,0.1183280548249146
883,883,2021-01-28 12:20:06+00:00,1611836406000.0,0,0.04482886008448572
884,884,2021-01-28 12:02:38+00:00,1611835358000.0,0,0.005305273265583832
885,885,2021-01-28 11:54:19+00:00,1611834859000.0,0,0.0065394536519181035
886,886,2021-01-28 07:58:03+00:00,1611820683000.0,1,0.08917616532295414
887,887,2021-01-28 07:03:50+00:00,1611817430000.0,1,0.07156850911319301
888,888,2021-01-28 07:03:03+00:00,1611817383000.0,1,0.07156850911319301
889,889,2021-01-28 07:01:45+00:00,1611817305000.0,1,0.06317767685235509
890,890,2021-01-28 06:57:08+00:00,1611817028000.0,1,0.06732698905936418
891,891,2021-01-28 06:48:11+00:00,1611816491000.0,0,0.030189150829710742
892,892,2021-01-28 06:46:12+00:00,1611816372000.0,0,0.011472392638036899
893,893,2021-01-28 06:45:02+00:00,1611816302000.0,0,0.0004160851587624581
894,894,2021-01-28 06:39:54+00:00,1611815994000.0,0,0.014132579130222256
895,895,2021-01-28 05:47:20+00:00,1611812840000.0,0,0.02520641234255394
896,896,2021-01-28 05:44:12+00:00,1611812652000.0,1,0.052920679843581064
897,897,2021-01-28 02:54:31+00:00,1611802471000.0,1,0.13510772471362253
898,898,2021-01-28 02:41:43+00:00,1611801703000.0,1,0.09736445391693094
899,899,2021-01-28 02:35:55+00:00,1611801355000.0,1,0.06525006478362272
900,900,2021-01-28 02:34:17+00:00,1611801257000.0,1,0.057026055007891596
901,901,2021-01-28 02:33:13+00:00,1611801193000.0,0,0.04691740984877857
902,902,2021-01-28 01:57:30+00:00,1611799050000.0,0,0.010386297376093312
903,903,2021-01-26 23:21:27+00:00,1611703287000.0,0,0.0018276667594618878
904,904,2021-01-26 22:59:59+00:00,1611701999000.0,0,0.006836317633320377
905,905,2021-01-26 21:09:45+00:00,1611695385000.0,0,0.006439966824413279
906,906,2021-01-26 21:08:02+00:00,1611695282000.0,0,0.007054114086260332
907,907,2021-01-26 20:59:43+00:00,1611694783000.0,0,0.007029533805223309
908,908,2021-01-26 20:21:33+00:00,1611692493000.0,0,0.0006041565973899932
909,909,2021-01-26 12:14:43+00:00,1611663283000.0,0,0.0018251704298215543
910,910,2021-01-26 11:32:55+00:00,1611660775000.0,0,0.00814089924881145
911,911,2021-01-26 11:28:08+00:00,1611660488000.0,0,0.0073245020305550135
912,912,2021-01-26 11:25:23+00:00,1611660323000.0,0,0.008250665376239974
913,913,2021-01-26 10:47:15+00:00,1611658035000.0,0,0.0
914,914,2021-01-26 10:37:01+00:00,1611657421000.0,0,0.002438674508678851
915,915,2021-01-25 11:36:06+00:00,1611574566000.0,0,0.027149686114150695
916,916,2021-01-25 11:28:07+00:00,1611574087000.0,0,0.029117473946612238
917,917,2021-01-25 11:19:07+00:00,1611573547000.0,0,0.03160573808422029
918,918,2021-01-25 10:19:43+00:00,1611569983000.0,0,0.006354166666666661
919,919,2021-01-25 09:46:04+00:00,1611567964000.0,0,0.006191126437845584
920,920,2021-01-25 05:23:24+00:00,1611552204000.0,0,0.006148686416992621
921,921,2021-01-25 05:02:58+00:00,1611550978000.0,0,0.002420812165433439
922,922,2021-01-25 04:54:31+00:00,1611550471000.0,0,0.0026487205429308602
923,923,2021-01-25 04:53:17+00:00,1611550397000.0,0,0.0019197782599311708
924,924,2021-01-25 04:49:45+00:00,1611550185000.0,0,0.0009760083528156382
925,925,2021-01-25 04:45:36+00:00,1611549936000.0,0,0.0027177930156130348
926,926,2021-01-25 03:40:45+00:00,1611546045000.0,0,0.006156020930471184
927,927,2021-01-24 20:26:08+00:00,1611519968000.0,0,0.005428680564397492
928,928,2021-01-24 19:48:39+00:00,1611517719000.0,0,0.006501044810773182
929,929,2021-01-24 19:46:26+00:00,1611517586000.0,0,0.00591715976331364
930,930,2021-01-24 18:23:30+00:00,1611512610000.0,0,0.0026430401857020502
931,931,2021-01-24 05:23:32+00:00,1611465812000.0,0,0.0014971428571426415
932,932,2021-01-23 22:33:03+00:00,1611441183000.0,0,0.004474429335477259
933,933,2021-01-23 15:27:54+00:00,1611415674000.0,0,0.0028244647464954475
934,934,2021-01-23 01:48:43+00:00,1611366523000.0,0,0.0017240977610029073
935,935,2021-01-22 23:17:20+00:00,1611357440000.0,0,0.0018014224218603214
936,936,2021-01-22 20:03:58+00:00,1611345838000.0,0,0.0062106744513323875
937,937,2021-01-22 18:44:17+00:00,1611341057000.0,0,0.006551202209153173
938,938,2021-01-22 00:29:20+00:00,1611275360000.0,0,0.02133916356615928
939,939,2021-01-21 23:08:47+00:00,1611270527000.0,0,0.003203970032039871
940,940,2021-01-21 23:08:35+00:00,1611270515000.0,0,0.003203970032039871
941,941,2021-01-21 23:01:34+00:00,1611270094000.0,0,0.008551550874480451
942,942,2021-01-21 21:00:16+00:00,1611262816000.0,0,0.007163878108548571
943,943,2021-01-21 18:53:15+00:00,1611255195000.0,0,0.02365318166165986
944,944,2021-01-20 23:56:44+00:00,1611187004000.0,0,0.0033961099104662384
945,945,2021-01-18 08:59:02+00:00,1610960342000.0,0,0.012999434807182464
946,946,2021-01-18 08:56:36+00:00,1610960196000.0,0,0.014907819799414135
947,947,2021-01-18 06:37:21+00:00,1610951841000.0,0,0.015627942007155005
948,948,2021-01-18 06:34:00+00:00,1610951640000.0,0,0.013454055010170496
949,949,2021-01-18 06:13:53+00:00,1610950433000.0,0,0.010849889624723996
950,950,2021-01-18 05:52:28+00:00,1610949148000.0,0,0.006474915209443877
951,951,2021-01-18 04:01:09+00:00,1610942469000.0,0,0.00210823757961065
952,952,2021-01-18 01:45:10+00:00,1610934310000.0,0,0.002689876877993269
953,953,2021-01-18 01:27:46+00:00,1610933266000.0,0,0.011973735032831057
954,954,2021-01-18 01:23:50+00:00,1610933030000.0,0,0.014301989890163291
955,955,2021-01-17 21:22:05+00:00,1610918525000.0,0,0.024221943642012356
956,956,2021-01-16 22:55:49+00:00,1610837749000.0,0,0.009155745067694232
957,957,2021-01-16 01:31:57+00:00,1610760717000.0,0,0.008143410309233934
958,958,2021-01-16 01:29:50+00:00,1610760590000.0,0,0.007545705415660686
959,959,2021-01-16 01:28:33+00:00,1610760513000.0,0,0.006992102909964659
960,960,2021-01-16 01:20:44+00:00,1610760044000.0,0,0.0027033985581874642
961,961,2021-01-15 22:07:36+00:00,1610748456000.0,0,0.020662996623125762
962,962,2021-01-15 22:01:57+00:00,1610748117000.0,0,0.022394796663077532
963,963,2021-01-15 09:24:47+00:00,1610702687000.0,0,0.022476344789621905
964,964,2021-01-15 08:23:28+00:00,1610699008000.0,0,0.03482845135132284
965,965,2021-01-15 08:18:10+00:00,1610698690000.0,0,0.04287665094842863
966,966,2021-01-15 07:12:06+00:00,1610694726000.0,0,0.01738670055061431
967,967,2021-01-15 06:44:22+00:00,1610693062000.0,0,0.013533898036899306
968,968,2021-01-15 06:06:26+00:00,1610690786000.0,0,0.020101365862039478
969,969,2021-01-15 05:53:28+00:00,1610690008000.0,0,0.025142980468328524
970,970,2021-01-15 05:47:34+00:00,1610689654000.0,0,0.005449533502968729
971,971,2021-01-15 05:41:21+00:00,1610689281000.0,0,0.0032341257461365736
972,972,2021-01-15 05:21:33+00:00,1610688093000.0,0,0.01678528689298986
973,973,2021-01-15 05:17:06+00:00,1610687826000.0,0,0.021169599274666995
974,974,2021-01-14 20:40:40+00:00,1610656840000.0,0,0.0017409654444737743
975,975,2021-01-14 05:03:35+00:00,1610600615000.0,0,0.027899095486981107
976,976,2021-01-13 22:07:08+00:00,1610575628000.0,0,0.0044179035250464516
977,977,2021-01-13 21:47:02+00:00,1610574422000.0,0,0.017671004023624093
978,978,2021-01-13 21:43:54+00:00,1610574234000.0,0,0.03012980826485645
979,979,2021-01-13 21:25:02+00:00,1610573102000.0,0,0.03198558799317586
980,980,2021-01-13 21:20:05+00:00,1610572805000.0,0,0.030534805866304415
981,981,2021-01-13 20:53:57+00:00,1610571237000.0,0,0.03376157753211828
982,982,2021-01-13 20:47:34+00:00,1610570854000.0,0,0.04043878852029148
983,983,2021-01-13 19:06:00+00:00,1610564760000.0,0,0.02827209929712926
984,984,2021-01-13 14:48:38+00:00,1610549318000.0,0,0.00414983339639452
985,985,2021-01-13 09:25:42+00:00,1610529942000.0,0,0.010483507652595314
986,986,2021-01-13 08:04:02+00:00,1610525042000.0,0,0.00849331713244239
987,987,2021-01-13 02:52:38+00:00,1610506358000.0,0,0.021688701846898528
988,988,2021-01-13 01:30:00+00:00,1610501400000.0,0,0.028324587226417286
989,989,2021-01-13 00:26:12+00:00,1610497572000.0,0,0.01626751592356701
990,990,2021-01-13 00:23:56+00:00,1610497436000.0,0,0.003814238983543383
991,991,2021-01-12 23:02:33+00:00,1610492553000.0,0,0.029484839265794704
992,992,2021-01-12 21:06:03+00:00,1610485563000.0,0,0.019054054054054026
993,993,2021-01-12 20:19:20+00:00,1610482760000.0,0,0.021623307754694565
994,994,2021-01-12 20:10:00+00:00,1610482200000.0,0,0.017992812822521298
995,995,2021-01-12 11:55:35+00:00,1610452535000.0,0,0.03381843217321112
996,996,2021-01-12 11:30:39+00:00,1610451039000.0,0,0.021211481637821716
997,997,2021-01-12 11:24:55+00:00,1610450695000.0,0,0.008919986562098137
998,998,2021-01-12 10:59:34+00:00,1610449174000.0,0,0.03882487654762756
999,999,2021-01-12 02:46:41+00:00,1610419601000.0,0,0.03259015376540342
1000,1000,2021-01-11 22:49:05+00:00,1610405345000.0,1,0.09445862373613423
1001,1001,2021-01-11 22:35:37+00:00,1610404537000.0,1,0.09131174217861004
1002,1002,2021-01-11 19:51:17+00:00,1610394677000.0,0,0.04067368640262403
1003,1003,2021-01-11 19:41:29+00:00,1610394089000.0,0,0.023716091651303728
1004,1004,2021-01-11 17:54:40+00:00,1610387680000.0,1,0.05787490969140263
1005,1005,2021-01-11 17:53:16+00:00,1610387596000.0,1,0.05803870967741931
1006,1006,2021-01-11 17:50:04+00:00,1610387404000.0,0,0.04116511757834318
1007,1007,2021-01-11 05:46:40+00:00,1610344000000.0,0,0.011772798520506722
1008,1008,2021-01-10 04:41:27+00:00,1610253687000.0,0,0.014317481371669327
1009,1009,2021-01-10 04:25:00+00:00,1610252700000.0,0,0.010552500145752708
1010,1010,2021-01-09 23:07:51+00:00,1610233671000.0,0,0.012131545939165989
1011,1011,2021-01-09 23:05:48+00:00,1610233548000.0,0,0.01360157016683039
1012,1012,2021-01-09 21:21:58+00:00,1610227318000.0,0,0.017258426086360634
1013,1013,2021-01-09 20:44:06+00:00,1610225046000.0,0,0.004046461529504386
1014,1014,2021-01-09 19:00:52+00:00,1610218852000.0,0,0.02665982833199476
1015,1015,2021-01-09 18:59:40+00:00,1610218780000.0,0,0.030449013685059034
1016,1016,2021-01-09 18:56:53+00:00,1610218613000.0,0,0.029888851138183847
1017,1017,2021-01-09 18:47:06+00:00,1610218026000.0,0,0.030018834585736176
1018,1018,2021-01-09 18:44:47+00:00,1610217887000.0,0,0.02877035112046311
1019,1019,2021-01-09 18:43:32+00:00,1610217812000.0,0,0.028880096202335226
1020,1020,2021-01-09 18:39:42+00:00,1610217582000.0,0,0.03254501216545025
1021,1021,2021-01-09 18:37:09+00:00,1610217429000.0,0,0.032746033291151555
1022,1022,2021-01-09 18:35:29+00:00,1610217329000.0,0,0.03488167931485209
1023,1023,2021-01-09 18:26:33+00:00,1610216793000.0,0,0.03426627282387229
1024,1024,2021-01-09 17:28:51+00:00,1610213331000.0,0,0.025272620831307435
1025,1025,2021-01-09 17:10:44+00:00,1610212244000.0,0,0.01491495428178169
1026,1026,2021-01-09 12:19:13+00:00,1610194753000.0,0,0.003684702814546137
1027,1027,2021-01-09 10:50:47+00:00,1610189447000.0,0,0.01756933900430968
1028,1028,2021-01-09 06:25:30+00:00,1610173530000.0,0,0.038630902659613
1029,1029,2021-01-08 23:37:09+00:00,1610149029000.0,0,0.004926889714993887
1030,1030,2021-01-08 15:36:52+00:00,1610120212000.0,0,0.024694162313009027
1031,1031,2021-01-08 02:15:39+00:00,1610072139000.0,0,0.021157917019474892
1032,1032,2021-01-08 01:35:53+00:00,1610069753000.0,0,0.020078240642841916
1033,1033,2021-01-07 22:33:14+00:00,1610058794000.0,0,0.007309319889044152
1034,1034,2021-01-07 22:30:35+00:00,1610058635000.0,0,0.01026510574785
1035,1035,2021-01-07 22:27:28+00:00,1610058448000.0,0,0.005751483357087306
1036,1036,2021-01-07 20:27:22+00:00,1610051242000.0,0,0.026190451803218107
1037,1037,2021-01-07 20:25:36+00:00,1610051136000.0,0,0.02743223980392373
1038,1038,2021-01-07 19:30:56+00:00,1610047856000.0,0,0.0023729802017031787
1039,1039,2021-01-07 19:27:44+00:00,1610047664000.0,0,0.002212167924566133
1040,1040,2021-01-07 19:16:31+00:00,1610046991000.0,0,0.010496250618168501
1041,1041,2021-01-07 18:49:47+00:00,1610045387000.0,1,0.11282398968567997
1042,1042,2021-01-07 15:33:02+00:00,1610033582000.0,0,0.0
1043,1043,2021-01-07 15:32:27+00:00,1610033547000.0,0,0.004222675079358806
1044,1044,2021-01-07 12:56:10+00:00,1610024170000.0,0,0.0054257987981563005
1045,1045,2021-01-07 12:49:15+00:00,1610023755000.0,0,0.002645810315752728
1046,1046,2021-01-07 11:48:06+00:00,1610020086000.0,0,0.04608589643663685
1047,1047,2021-01-07 10:30:27+00:00,1610015427000.0,0,6.958596351691604e-05
1048,1048,2021-01-07 10:24:29+00:00,1610015069000.0,0,0.002510285196290374
1049,1049,2021-01-07 10:23:50+00:00,1610015030000.0,0,0.0026401259290254053
1050,1050,2021-01-07 05:29:46+00:00,1609997386000.0,0,0.00048519174975991675
1051,1051,2021-01-07 04:06:23+00:00,1609992383000.0,0,0.0033182681987808937
1052,1052,2021-01-05 03:41:04+00:00,1609818064000.0,0,0.01171598508298377
1053,1053,2021-01-04 20:57:05+00:00,1609793825000.0,0,0.015063743308785682
1054,1054,2021-01-04 20:26:11+00:00,1609791971000.0,0,0.011666977786074284
1055,1055,2021-01-03 00:04:01+00:00,1609632241000.0,0,0.019867676670821677
1056,1056,2021-01-02 15:07:58+00:00,1609600078000.0,1,0.24220820189274472
1057,1057,2021-01-02 14:59:09+00:00,1609599549000.0,1,0.29737743806009487
1058,1058,2021-01-02 14:51:49+00:00,1609599109000.0,1,0.28083528493364573
1059,1059,2021-01-02 12:23:28+00:00,1609590208000.0,1,0.0503762752349024
1060,1060,2021-01-02 03:20:48+00:00,1609557648000.0,1,0.30781211574719247
1061,1061,2021-01-01 00:58:30+00:00,1609462710000.0,0,0.019016042780748643
