UTC time,Unix timestamp
2021-05-16 17:21:24,1621210884000
2021-05-16 02:03:55,1621155835000
2021-05-16 01:20:45,1621153245000
2021-05-13 22:45:16,1620971116000
2021-05-11 08:13:35,1620746015000
2021-05-09 22:41:43,1620625303000
2021-04-28 06:20:47,1619616047000
2021-04-15 21:10:47,1618546247000
2021-04-15 04:33:18,1618486398000
2021-04-15 04:28:47,1618486127000
2021-04-14 22:32:57,1618464777000
2021-04-14 22:19:48,1618463988000
2021-04-08 20:45:19,1617939919000
2021-04-01 10:25:23,1617297923000
2021-03-25 07:33:56,1616682836000
2021-03-18 21:17:16,1616127436000
2021-03-15 23:11:05,1615875065000
2021-03-13 23:51:05,1615708265000
2021-03-13 23:46:16,1615707976000
2021-03-13 23:40:41,1615707641000
2021-03-06 04:40:03,1615034403000
2021-03-02 21:07:09,1614748029000
2021-03-02 08:36:34,1614702994000
2021-03-01 19:57:08,1614657428000
2021-02-21 21:27:06,1613971626000
2021-02-20 10:06:29,1613844389000
2021-02-20 08:42:28,1613839348000
2021-02-14 23:33:22,1613374402000
2021-02-14 23:25:16,1613373916000
2021-02-11 23:27:37,1613114857000
2021-02-11 09:08:33,1613063313000
2021-02-10 15:08:11,1612998491000
2021-02-08 05:27:36,1612790856000
2021-02-07 22:25:14,1612765514000
2021-02-07 02:36:32,1612694192000
2021-02-07 02:24:19,1612693459000
2021-02-06 08:42:25,1612629745000
2021-02-04 08:27:01,1612456021000
2021-02-04 08:15:26,1612455326000
2021-02-04 07:35:35,1612452935000
2020-12-20 09:30:04,1608485404000
2020-11-17 18:45:21,1605667521000
2020-07-18 00:53:43,1595058823000
2020-04-25 13:29:52,1587846592000
